passage_id,chapter,section,subsection,heading,page,kind,text_clean,word_count
p0001,Part 1: General Information,,,,10,text,"Welcome to the intellectual and personal excitement of Duke Kunshan University, to its commitment to the finest education and to its passion for shaping a more knowledgeable, inclusive, responsible and peaceful world. DKU’s founders, leaders and community have set ambitious goals. Confident that you will contribute importantly to reaching those goals, we invite you to join us in pursuing them together.",61
p0002,Part 1: General Information,,,,10,text,"Your experience here will prepare you to be among the next generations of leaders, who create the cutting edge of new knowledge, engage with courage and wisdom the world’s most pressing challenges, and extend perspectives and understanding across our globe. We share with our fellow human beings across the world the desire to make it a better place whether at the level of providing clean drinking water and sustainable energy systems for rural villages, or of developing preventive measures against future pandemics, or of peacefully negotiating regional or global conflict.",90
p0003,Part 1: General Information,,,,10,text,"Please use this bulletin as a tool to understand who we are, to chart your own path through the rich opportunities DKU offers, and to help you to define the personal directions you hope to take through DKU and beyond.",40
p0004,Part 1: General Information,,,,10,text,"--Prof. Youmei Feng, Chancellor --Dr. Al Bloom, Executive Vice Chancellor",10
p0005,Part 1: General Information,Mission Statement,,,10,text,"Duke Kunshan University is a highly selective research-oriented, liberal arts and sciences university located in China, whose primary mission is to enable students from around the world to lead purposeful and productive lives. By delivering the highest quality undergraduate and graduate education that is truly interdisciplinary, we prepare students for professional, intellectual and societal leadership roles across the globe. The core of our educational offering is a four-year undergraduate degree program featuring an integrated and multi-disciplinary curriculum, with an effective blend of Chinese, American, and global techniques and values and a culture of academic excellence and freedom. Our world-class faculty pursue knowledge in service of society, involving students in innovative scholarship and research programs. As a premier Sino-US joint-venture university, we embrace the integration of global, national, and local traditions of thought and experience and promote cross-cultural understanding and cross-border collaborations.",141
p0006,Part 1: General Information,Statement on Diversity and Inclusion,,,10,text,"Duke Kunshan University welcomes passionate, creative, and intellectually-driven students, faculty, and staff from all walks of life, from all over the world. We affirm the diverse histories, perspectives, experiences, identities, languages, and cultures that enhance our community, and we aim to create an environment where all members of our community are accepted, appreciated, and celebrated. Our commitment to inclusivity is grounded in the university’s mission. DKU is a community where those who study, live, and work see difference as an opportunity for meaningful dialogue, creative expression, and innovative thinking. The university aspires to foster mutual respect and understanding among and for all people, regardless of differing cultures, ethnicities, races, religions, genders, sexual orientations, ages, national origins, socio-economic backgrounds, capabilities, or any other category that can be used to divide people. Our uniquely rich cultural community is designed to cultivate informed and engaged citizens of the world.",146
p0007,Part 1: General Information,Who We Are,,,11,text,"Duke Kunshan University is a Sino-American partnership of Duke University, Wuhan University and Kunshan city in Jiangsu province to create a world-class liberal arts and research university offering a range of academic programs for students from China and throughout the world. A nonprofit, joint-venture institution, Duke Kunshan University was granted the accreditation approval by China’s Ministry of Education in September 2013. Duke Kunshan welcomed its first group of students in August 2014, initially offering graduate degrees as well as term-long programs for undergraduate students enrolled at Duke and other universities. In August 2018, Duke Kunshan welcomed its inaugural undergraduate class. The four-year bachelor’s degree program is based in the liberal arts and sciences tradition, which emphasizes critical thinking, creativity, collaboration and exploration.",122
p0008,Part 1: General Information,Who We Are,,,11,text,"With the goal of spearheading the future of higher education, Duke Kunshan is influenced and informed by both Chinese and American traditions of higher education. The shared vision of Duke and Wuhan universities is that Duke Kunshan will help address the changing needs of global higher education. Their rich heritage inspires Duke Kunshan to pursue academic excellence and integrity and apply classroom knowledge in service to society. Duke Kunshan delivers academic programs designed to address society’s future needs through a curriculum based in the liberal arts tradition and a commitment to problem-based learning that challenges students to apply their knowledge during the learning process.",104
p0009,Part 1: General Information,Who We Are,,,11,text,"As an international, intellectual community that encourages diversity, openness and creative learning, Duke Kunshan University welcomes outstanding students and faculty from around the world who contribute diverse perspectives and experiences to this global learning environment. The university’s innovative programs inspire students to master academically rigorous course work, generate new ideas and develop creative solutions to the world’s challenges, preparing them not just for careers in specific fields but to become globally sophisticated leaders and citizens.",75
p0010,Part 1: General Information,Who We Are,,,11,text,"Duke Kunshan is governed by an independent Board of Trustees and operates under a set of guiding principles that are consistent with those of world-leading universities. Administrative operations are in the charge of the university leadership team, headed by the Chancellor and the Executive Vice Chancellor. Feng Youmei, Duke Kunshan University Chancellor, is a professor, the former Executive Vice President of Wuhan University and the Vice Chairwoman for the Medical Education Committee of the China Association of Higher Education. She has profound expertise in medical education as well as abundant experience in university administration. Executive Vice Chancellor Al Bloom is a recognized global education leader and a scholar of psychology and language with a special focus on Chinese language and culture. Prior to joining DKU, Dr. Bloom served as the founding vice chancellor of NYU-Abu Dhabi for more than a decade and president of Swarthmore College for 18 years.",149
p0011,Part 1: General Information,Who We Are,,,12,text,"Duke Kunshan University is a place for learning, living and self-discovery, in a setting that encourages the pursuit of knowledge within and beyond the classroom. Kunshan is located in close proximity to both Shanghai and Suzhou, two of the most developed metropolitan areas in China. Connected to both by high-speed rail and highways, the city of Kunshan is a center for business and high-tech research and manufacturing, and it has one of the fastest-growing economies in China. The 200-acre campus is in the Yangcheng Lake Science Park and features state-of-the-art classroom and meeting facilities, library resources, student and faculty housing and dining space, and recreational facilities. Multipurpose meeting spaces, breakout rooms and study areas allow students to work individually or in groups to review course materials, complete assignments and participate in the vibrant intellectual life of the campus.",138
p0012,Part 1: General Information,Partners,Duke University,,12,text,"A private comprehensive teaching and research university, Duke traces its roots to 1838, and officially became Duke University in 1924. In addition to liberal arts and engineering education at the undergraduate level, Duke offers graduate and professional study in arts and sciences, business, divinity, engineering, the environment, law, public policy, medicine and nursing. Duke enrolls more than 15,000 students in its undergraduate, graduate, and professional programs.",66
p0013,Part 1: General Information,Partners,Duke University,,12,text,"Duke’s home campus is situated on nearly 9,000 acres in Durham, North Carolina, USA, a city of more than 200,000 people. Duke also is active internationally through the Duke-NUS Graduate Medical School in Singapore, Duke Kunshan University in China and numerous research and education programs across the globe. More than 75 percent of Duke students pursue servicelearning opportunities in Durham and around the world through DukeEngage and other programs that advance the university’s mission of “knowledge in service to society.”",80
p0014,Part 1: General Information,Partners,Wuhan University,,12,text,"Located in Central China’s Hubei province, Wuhan University consistently ranks among the country’s top 10 universities and is a key comprehensive national university under the direct administration of the Ministry of Education. The college’s history can be traced back to the Ziqiang Institute founded in 1893 by Zhang Zhidong, governor-general of Hubei and Hunan provinces in the late Qing dynasty (1644-1911). In 1928, the institute was renamed as Wuhan National University. Its campus is regarded as one of the most beautiful in the country, boasting palatial buildings that blend Eastern and Western architectural styles.",94
p0015,Part 1: General Information,Partners,Wuhan University,,13,text,"The university enjoys partnerships with more than 400 universities and research institutes in over 45 countries and regions, while its more than 300,000 alumni includes at least 100 members of the Chinese Academy of Science and the Chinese Academy of Engineering.",41
p0016,Part 1: General Information,Partners,Kunshan,,13,text,"Kunshan is located in the southeastern part of Jiangsu province, a satellite city in the greater Suzhou region and adjacent to Shanghai, two of the most developed metropolitan areas in China. Kunshan is regarded as one of the country's most economically successful county-level administrations. It ranked No 1 in the 25 Best County-level Cities in China study by Forbes China for the ninth year running in 2009. With an immigrant population larger than the number of its permanent residents, Kunshan was winner of the 2010 UN-Habitat Scroll of Honor Award, the most prestigious award given by the United Nations, along with Singapore and Vienna in recognition of work carried out in the field of human settlements development, for the city's innovative approach to granting migrants the right to essential services. It also has received titles and awards such as a National Hygiene City, Excellent Tourism City of China and National Garden City, as well as National Model City of Environment Protection and National Model Zone of Ecology.",167
p0017,Part 1: General Information,Partners,Kunshan,,13,text,"Kunshan is culturally significant as the origin of Kunshan diao, the melody that ultimately evolved into Kunqu Opera, one of China's oldest extant theatre arts, which has been listed as UNESCO as World Intangible Culture Heritage. It has also been home to famous figures including Zu Chongzhi, Gu Yanwu, Gui Youguang, Gong Xian and Zhu Bailu.",56
p0018,Part 1: General Information,Duke Kunshan University Community Standard,,,13,text,"All Duke Kunshan University students are required to hold themselves to the highest standards for honesty, integrity, fairness, and responsibility in their academic and co-curricular endeavors. Duke Kunshan University is a community comprised of individuals from diverse cultures and backgrounds. We are dedicated to scholarship, leadership, and service and to the principles of honesty, fairness, respect, and accountability. Members of this community commit to reflecting upon and upholding these principles in all academic and non-academic endeavors, and to protecting and promoting a culture of integrity and trust. To uphold the Community Standard, each student is expected to pledge to hold him/herself to the highest standards for honesty, integrity, fairness, and responsibility in his/her academic and non-academic endeavors, to respect other cultures and embrace all forms of diversity, and to uphold the standards if they are compromised.",136
p0019,Part 2: A Liberal Arts Education at Duke Kunshan University,A 21st Century Curriculum,,,14,text,"The Duke Kunshan University curriculum begins from liberal arts principles and is imbued with the hallmarks of a Duke education blended with Chinese tradition: interdisciplinary approaches, engagement with research questions, problem-based and team-based learning, and opportunities for students to craft individual pathways and deepen their intellectual engagement over time. It is a kind of education that builds critical thinking and problem-solving skills, simultaneously conferring a broad base of knowledge and fostering the ability to interrogate that knowledge and apply it flexibly. It is also deeply cross-cultural in its orientation: Duke Kunshan University gives all participants the continual experience of learning to see from multiple points of view and to work together across cultural boundaries—a crucial skill for the future.",119
p0020,Part 2: A Liberal Arts Education at Duke Kunshan University,A Liberal Arts College Experience,,,14,text,"The small-scale residential setting at Duke Kunshan University offers significant opportunities for innovative and integrated forms of learning, an especially close connection between faculty and students, and the intermixing of students with different interests. In addition, Duke Kunshan University offers creative alignments between its undergraduate curriculum and selected areas of research strength at Duke Kunshan University and at Duke. Liberal arts colleges provide direct access to research opportunities for undergraduates – they leverage their small size and commitment to teaching to provide opportunities for one-on-one and small team-based scholarly mentoring. In the United States, liberal arts colleges disproportionately produce students who go on to earn PhD’s. Duke Kunshan University offers the same kinds of focus on discovery and the co-creation of knowledge as at liberal arts colleges with the added dimension of research centers on site and connections to a major research university in the United States and to Wuhan University in China.",153
p0021,Part 2: A Liberal Arts Education at Duke Kunshan University,Dual Degrees,,,14,text,Duke Kunshan University students successfully completing the course of study required by Duke Kunshan University and Duke University will be conferred both a Duke Kunshan University graduation certificate and diploma officially approved by the MOE as well as a diploma from Duke University indicating that the degree has been granted in accordance with the requirements of Duke Kunshan University and Duke University (Duke University is accredited by SACSCOC). All students must fulfill the requirements for both the Duke University and the Duke Kunshan University degrees. Students will be alumni of both institutions.,92
p0022,Part 2: A Liberal Arts Education at Duke Kunshan University,Animating Principles,,,14,text,"Duke Kunshan University provides a 21st century liberal arts and sciences education that helps students develop a sense of social responsibility and global citizenship, as well as strong and transferable intellectual and practical skills such as communication, analytical and problem-solving skills, and a demonstrated ability to apply knowledge and skills in real-world settings.",53
p0023,Part 2: A Liberal Arts Education at Duke Kunshan University,Animating Principles,,,15,text,"The overarching goals are embedded in the seven animating principles that are expressed throughout the curriculum: Rooted Globalism: To cultivate informed and engaged citizens who are knowledgeable about each other’s histories, traditions of thought and affiliations; and skilled in navigating among local, national and global identities and commitments. • Collaborative Problem-Solving: To instill the habits of collaboration and the ability to synthesize disparate insights in solving complex challenges. • Research and Practice: To enhance the ability to forge links between theory and practice in the many-sided and rapidly changing world of human need. • Lucid Communication: To develop the ability to communicate effectively, both orally and in writing, and to listen attentively to different viewpoints in coming to mature judgments. • Independence and Creativity: To nurture free inquiry, deep reflection and a drive to ask interesting questions and find compelling answers. • Wise Leadership: To shape thinkers and doers who possess the moral compass to guide communities and institutions toward a common good and who have the wisdom and technical competence to deal effectively with complexity. • A Purposeful Life:",180
p0024,Part 2: A Liberal Arts Education at Duke Kunshan University,Animating Principles,,,15,text,"To form reflective scholars who test their core beliefs, connect their course of study to big questions of meaning, and who build the capacity for lifelong learning and exploration.",29
p0025,Part 3: The Curriculum,Overview,,,16,text,"The Duke Kunshan University undergraduate curriculum can be described as a “research-inflected liberal arts experience” that builds on the unique DNA of Duke as a major research university but with a strong liberal arts philosophy, structure and orientation. The curriculum does not rely on traditional majors housed in departments, but rather is built on interdisciplinary and disciplinary components in and across three thematic areas: (1) natural and applied sciences, (2) social sciences, and (3) arts and humanities. Flexibility and inter-disciplinarity are hallmarks of this curriculum, along with signature work that enables students to engage scholarship both individually and within a community of learners. This curriculum is designed to be compatible with the quality and depth of a Duke undergraduate degree but is unique and distinct from the current Duke undergraduate experience, which is aligned more with a traditional major’s structure.",140
p0026,Part 3: The Curriculum,Overview,,,16,text,"The curriculum fosters learning communities of students and faculty whose intellectual interactions revolve around two groups: (1) The interdisciplinary community, which spans laterally a variety of disciplines. To the big questions at the core of each interdisciplinary community will be deployed a variety of disciplines, voices, viewpoints and expertise, usually also from a variety of divisions. The deep expertise brought to bear on discussion will be provided by both faculty and advanced students. (2) The disciplinary specialization, which is akin to, or even entirely aligned to, a traditional vertical discipline. From this community comes the training in the methods, knowledge, and skills of a specific discipline. Individual courses that belong to an interdisciplinary community or disciplinary specialization may be taken at various stages of a students’ career. But the interdisciplinary community comes first in a students’ overall development – it provides a broad intellectual home and is followed by or is in parallel to more specialized work.",157
p0027,Part 3: The Curriculum,Overview,,,16,text,"The dual structure is also flexible, to accommodate a variety of student goals and outcomes. Some students might choose to pursue a less deep path in the disciplinary specialization while focusing more on developing broad expertise in the questions underlying the interdisciplinary community— and in that case the outcome can be a powerful kind of integrative education for students whose goal is not graduate school or specialized study, which is where a great many careers and life paths lie. This approach allows for a highly integrative, team-based approach to problem solving and knowledge acquisition. For students oriented towards graduate study, the integrative and out-looking approach in the interdisciplinary community broadens and enriches their deeper specialist expertise. Our strong expectation is that a student with deep expertise who also has interacted in a significant, deep way with an interdisciplinary group focused on big questions will be more, not less, appealing to graduate schools or other specialty pursuits.",156
p0028,Part 3: The Curriculum,Overview,,,16,text,"For certain disciplines, students oriented towards graduate school may also need to use some electives, guided independent studies, research, online courses and Study Abroad courses to deepen expertise beyond the number of courses required for the disciplinary specialization.",38
p0029,Part 3: The Curriculum,Overview,,,16,text,"To ensure that Duke Kunshan University students develop the ability to communicate effectively, guided practice in writing and speaking are built into the fabric of the curriculum. All three Divisional Foundations sequences provide opportunities for students to practice the specialized discourse of their chosen field, while Common Core courses help students learn to communicate as scholars and professionals to broader audiences. Toward the end of their undergraduate studies, all students take on more advanced writing and speaking challenges as part of their signature work and capstone projects.",87
p0030,Part 3: The Curriculum,Key Components,,,17,text,"The Duke Kunshan University undergraduate curriculum emphasizes shared knowledge and experience, integrated learning and deep learning, and flexible pathways. The key components are:",23
p0031,Part 3: The Curriculum,Key Components,Structures,,17,text,"Divisional areas of knowledge organize the faculty and the curriculum – Natural and Applied Sciences; Social Sciences; and Arts and Humanities – rather than traditional majors or departments. • Intensive 7-week terms enable students to take two in-depth courses with the flexibility to take some courses in 14-week blocks. • Fridays are designed for practica, field trips, internships, co-curricular activities, and civic engagement. • Mini-term courses provide a focused exposure to a single topic while enabling students to move outside of their comfort zones. There are no grades for these non-credit courses. • Seminars of fewer than 20 students are the primary mechanism for instruction and the means by which excellence in writing, speaking and listening are nurtured, supplemented by courses in English for Academic Purposes.",126
p0032,Part 3: The Curriculum,Key Components,Core Components,,17,text,"Common Core courses required of all students focus on big questions and critical challenges. Students take one per year for three years. • Language courses required in English, Chinese or potentially a third language. • Majors that have interdisciplinary and disciplinary components, with the former serving as the entry point and primary definition of a students’ academic community and the latter providing specialized training, as well as divisional foundation courses that prepare students for advanced study and signature work that focuses on a question, problem or issue and includes independent research, a senior thesis or creative production. • Electives that broaden students’ educational experience via simple distributional requirements and additionally enable them either to develop greater specialized knowledge or to further increase the breadth of their study. • Experiential learning opportunities that align the formal curriculum with practica, internships and other hands-on offerings are required.",145
p0033,Part 3: The Curriculum,Key Components,Core Components,,17,text,"These components are reflected in specific requirements: General Education: 3 common core courses (12 credits), 2-4 language courses (8-16 credits) depending on proficiency, 3 electives (12 credits) as distributional requirements, and one Quantitative Reasoning course (4 credits) Major: 16-19 courses (64 to 76 credits) (foundation, interdisciplinary, disciplinary, and capstone) • Electives: 8-13 courses (32 to 52 credits) depending on division and language proficiency, which include the three electives as distributional requirements and one Quantitative Reasoning course in General Education • Other requirements: 1 non-credit mini-term course and 1 Signature Work project that includes a practice-oriented Experiential Learning component (internships, civic engagement, etc.) Students who complete Duke Kunshan University’s 4-year undergraduate curriculum will receive two degrees, one from Duke University and one from Duke Kunshan University. A total of 136 Duke Kunshan University credits is required for graduation with a Duke Kunshan University bachelor’s degree,1 which is equivalent to 34 Duke University course credits (1 Duke course credit is equivalent to 4 Duke Kunshan University credits).",165
p0034,Part 3: The Curriculum,Key Components,Core Components,,17,text,A total of 34 Duke University course credits is required for graduation with a Duke bachelor’s degree. More details on the course credit requirement are explained below in the Degree Requirement section.,32
p0035,Part 3: The Curriculum,Key Components,Core Components,,18,text,"1 There are additional MOE requirements for the Chinese mainland and Hong Kong, Macau, Taiwan students to obtain a Duke Kunshan University bachelor’s degree. See section on Credits Required for Degrees.",31
p0036,Part 3: The Curriculum,Key Components,Core Components,,19,text,a students from Chinese Mainland and HMT b optional for international students c students from HMT may substitute additional CHSC courses for military training,24
p0037,Part 3: The Curriculum,Degree Requirements,General Education Requirements,"Common Core (3 courses, 12 credits)",20,text,"Common Core courses provide opportunities for students to develop a degree of common knowledge and shared experiences. One dimension of this commonality is a set of core courses that focus on big questions and critical challenges with which every student should be prepared to engage. Engagement will draw from and integrate humanistic and scientific knowledge, including its historical context and cultural traditions of thought about value, the nature of reality, and what it is to be human. Such knowledge is both a means for addressing challenges and a pre-requisite for identifying what our challenges are and how we might address them. Common Core courses also provide regular instruction and guided practice in writing and speaking for non-specialist audiences. Students take these courses one per year, in sequence, so that the common experience and development of communication skills extend across time. The three common core courses are China in the World (Year 1), Global Challenges in Science, Technology and Health (Year 2), and Ethics, Citizenship and the Examined Life (Year 3).",170
p0038,Part 3: The Curriculum,Degree Requirements,General Education Requirements,"Common Core (3 courses, 12 credits)",20,text,"In order to promote the common experience among the same class of students, these three common core courses must be taken during the Fall or Spring term in the designated year of study.",33
p0039,Part 3: The Curriculum,Degree Requirements,General Education Requirements,"Distribution Requirement (3 courses, 12 credits)",20,text,"The distributional requirement is intended to broaden students’ educational experience and ensure that all graduates have an acquaintance with a broad variety of fields of inquiry and approaches to knowledge. Students are required to take at least one four-credit course 2 in each of the three divisional areas: arts and humanities, natural and applied sciences, and social sciences. Courses that fulfill the distribution requirement are designated by divisional area attributes. The distribution requirement cannot be fulfilled with AP or IPC credits.",81
p0040,Part 3: The Curriculum,Degree Requirements,General Education Requirements,"Distribution Requirement (3 courses, 12 credits)",20,text,1. Courses with two divisional area attributes can be only counted as one area attribute; 2. Courses with both a Quantitative Reasoning (QR) attribute and a divisional area attribute can only be counted as one of these attributes; 3. Transfer credit from Duke or other academic institutions through study abroad or summer programs will need the review and approval from the division chair to fulfil the distributional requirement.,68
p0041,Part 3: The Curriculum,Degree Requirements,General Education Requirements,"Distribution Requirement (3 courses, 12 credits)",20,text,2 A student may fulfil the distribution requirement in a divisional area by taking two two-credit courses (four credits in total) with that divisional area attribute.,26
p0042,Part 3: The Curriculum,Degree Requirements,General Education Requirements,"Quantitative Reasoning Course Requirement (1 course, 4 credits)",21,text,The Quantitative Reasoning (QR) requirement aims to ensure that all students graduate with critical skills in quantitative analysis and deductive reasoning.,21
p0043,Part 3: The Curriculum,Degree Requirements,General Education Requirements,"Quantitative Reasoning Course Requirement (1 course, 4 credits)",21,text,"The QR requirement can be fulfilled by taking a course with the Quantitative Reasoning (QR) attribute3 or by approved transfer credit from study abroad or summer programs for computer science, mathematics, or statistics courses. Transfer credit requires the review and approval from the appropriate division chair to fulfil the distributional requirement. The QR requirement cannot be fulfilled by AP or IPC credits.",62
p0044,Part 3: The Curriculum,Degree Requirements,General Education Requirements,"Language Courses (2-4 courses, 8-16 credits)",21,text,"One of Duke Kunshan University’s goals is for students to graduate with strong skills in multiple languages, especially English and Chinese. To this end, all students are required to take 8-16 credits of foreign language courses appropriate to their needs.",40
p0045,Part 3: The Curriculum,Degree Requirements,General Education Requirements,"Language Courses (2-4 courses, 8-16 credits)",21,text,"Duke Kunshan University’s medium of instruction is English, so it is imperative that all students have a strong command of English. Further, the ability to produce effective academic papers and presentations in English is especially important. Students whose secondary education was not in English medium schools will generally benefit from instruction in academic English skills, and will therefore be assigned to the English for Academic Purposes (EAP) track at Duke Kunshan University and be required to take two course sequences, EAP 101A and 101B and EAP 102A and 102B. Students can further develop their academic English skills by taking elective EAP courses and/or written and oral communication (WOC) courses.",109
p0046,Part 3: The Curriculum,Degree Requirements,General Education Requirements,"Language Courses (2-4 courses, 8-16 credits)",21,text,"Students at Duke Kunshan University should also attain a high level in Chinese, not only because Duke Kunshan University is located in China, but also because Chinese is already one of the world’s most important global languages. For this reason, students who are not required to be in the EAP track and who do not yet have a strong academic and professional command of Chinese will be assigned to a Chinese as Second Language (CSL) track, and assigned to a course appropriate to their Chinese level based on the results of a Duke Kunshan University placement examination process. All CSL-track students are required to meet two criteria: they must take at least eight credits of Chinese language courses (normally four 2-credit courses), and they must successfully complete CHINESE 202B or a higher level course.",134
p0047,Part 3: The Curriculum,Degree Requirements,General Education Requirements,"Language Courses (2-4 courses, 8-16 credits)",21,text,"That is to say, students who begin their Chinese study in CHINESE 101A are required to take Chinese courses until they complete CHINESE 202B; students who begin studying Chinese in CHINESE 201A or a higher-level course are required to take 8 credits, starting with and including whatever level course they are placed into. After satisfying their foreign language requirement, CSL-track students are encouraged to continue developing their Chinese language skills by taking higher level elective courses in Chinese, and",79
p0048,Part 3: The Curriculum,Degree Requirements,General Education Requirements,"Language Courses (2-4 courses, 8-16 credits)",21,text,3 Courses with more than one attribute can only be counted as one of these attributes.,16
p0049,Part 3: The Curriculum,Degree Requirements,General Education Requirements,"Language Courses (2-4 courses, 8-16 credits)",22,text,also by designing and carrying out Chinese learning plans either on their own or with guidance and support from the Writing and Language Studio.,24
p0050,Part 3: The Curriculum,Degree Requirements,General Education Requirements,"Language Courses (2-4 courses, 8-16 credits)",22,text,"Students who enter Duke Kunshan University with such a strong command of both English and Chinese that they can readily do academic work in both languages - and that no appropriate EAP and CSL courses are offered for them - will not be assigned to either the EAP track or the CSL track. These students can satisfy their foreign language requirement in several ways. One option is to take advanced written and oral communication (WOC) courses. (Because the content of different sections of some WOC courses differ considerably, in some cases students are allowed to take more than one WOC course of the same course number if the course content of the two courses is different.) Another option is to take courses in an additional language.",126
p0051,Part 3: The Curriculum,Degree Requirements,General Education Requirements,"Language Courses (2-4 courses, 8-16 credits)",22,text,More information on language placement is in the Entrance Credit and Placement sections of Part 6.,16
p0052,Part 3: The Curriculum,Degree Requirements,"Major Requirements (16-19 courses, 64-76 credits)",,22,text,"Majors have interdisciplinary and disciplinary components, with the former serving as the entry point and primary definition of a students’ academic community and the latter providing specialized training, as well as divisional foundation courses that prepare students for advanced study and signature work that focuses on a question, problem or issue and includes independent research, a senior thesis or creative production.",61
p0053,Part 3: The Curriculum,Degree Requirements,"Major Requirements (16-19 courses, 64-76 credits)",,22,text,"Requirements for each major include Divisional Foundation Courses, Interdisciplinary Studies Courses, Disciplinary Studies Courses, Signature Work and Experiential Education. The detailed course requirements for each major are listed in Part 10: Majors and Courses.",34
p0054,Part 3: The Curriculum,Degree Requirements,"Major Requirements (16-19 courses, 64-76 credits)",,22,text,"Students are responsible for meeting the requirements of a major as stated in the bulletin for the year in which they matriculated at DKU;4 however, they have the option of meeting requirements in the major changed subsequent to the students’ matriculation.",41
p0055,Part 3: The Curriculum,Degree Requirements,"Major Requirements (16-19 courses, 64-76 credits)","Divisional Foundation Courses (2 to 4 courses, 8 to 16 credits, depending on major)",22,text,Divisional Foundation courses provide opportunities to develop knowledge and skills essential to advanced work in each division.,17
p0056,Part 3: The Curriculum,Degree Requirements,"Major Requirements (16-19 courses, 64-76 credits)","Interdisciplinary Studies (4 to 7 courses, 16 to 28 credits, depending on major)",22,text,"Interdisciplinary courses are characterized by distinct curricular pathways spanning several traditional disciplines. These are broad but defined areas of study that encourage integrative and multidisciplinary habits of inquiry and knowledge acquisition. The interdisciplinary component of a major serves as a primary definition of the student’s academic community. It requires 4 to 7 courses and might be problem-focused, comparative and cross-cultural, or innovative fusions",63
p0057,Part 3: The Curriculum,Degree Requirements,"Major Requirements (16-19 courses, 64-76 credits)","Interdisciplinary Studies (4 to 7 courses, 16 to 28 credits, depending on major)",22,text,4 Students in the Class of 2022 should follow the AY 2019-20 Undergraduate Bulletin because some of the courses in the original requirements may no longer exist.,27
p0058,Part 3: The Curriculum,Degree Requirements,"Major Requirements (16-19 courses, 64-76 credits)","Interdisciplinary Studies (4 to 7 courses, 16 to 28 credits, depending on major)",23,text,"within or across divisions. In the social sciences and the arts and humanities communities, students in their 3rd and/or 4th years will undertake advanced seminars that enable them to integrate their studies from more specialized areas.",36
p0059,Part 3: The Curriculum,Degree Requirements,"Major Requirements (16-19 courses, 64-76 credits)","Disciplinary Studies (4 to 8 courses, 16 to 32 credits, depending on major)",23,text,"Students will also develop a disciplinary study, which often will map to the tools and methods of a traditional discipline and further enable students to be competitive for graduate school or other advanced work.",34
p0060,Part 3: The Curriculum,Degree Requirements,"Major Requirements (16-19 courses, 64-76 credits)",Signature Work and Experiential Education (8 credits and one Experiential Learning activity),23,text,"Duke Kunshan University graduates will have experience addressing complex problems outside the classroom as well as within, developing these skills through “Signature Work”. Signature Work encourages students to seek creative alignments between curricular pathways and to engage in experiential learning that leads to the creation of knowledge and products for scholarly, private sector and public audiences.",56
p0061,Part 3: The Curriculum,Degree Requirements,"Major Requirements (16-19 courses, 64-76 credits)",Signature Work and Experiential Education (8 credits and one Experiential Learning activity),23,text,"Signature Work calls for each student to identify one or more questions, problems, or issues that are of particular importance to him or herself and to society, and to investigate these through a combination of curricular and related co-curricular experiences. Students develop guided pathways, identify questions, and undertake projects early in their academic career. During the sophomore year students work with their advisors and faculty mentors to begin identifying the major questions, problems, or issues on which they would like to work, and to develop a pathway that includes three thematically linked courses drawn from students' interdisciplinary studies, disciplinary studies or electives, one or more co-curricular or experiential activities, and two capstone courses in which a student creates a substantial scholarly or creative signature product. Experiences derived from the co-curricular experiential learning component should establish, build on, solidify, or enhance academic work aligned with the Signature Work project. These experiences should help DKU undergraduate students prepare for their next steps beyond DKU.",162
p0062,Part 3: The Curriculum,Degree Requirements,"Major Requirements (16-19 courses, 64-76 credits)",Signature Work and Experiential Education (8 credits and one Experiential Learning activity),23,text,"Experiential learning activities might include, but are not limited to, internships, practica, laboratory work, creative arts-based project, entrepreneurship-based project, community-based fieldwork or other civic projects.",25
p0063,Part 3: The Curriculum,Degree Requirements,"Major Requirements (16-19 courses, 64-76 credits)",Signature Work and Experiential Education (8 credits and one Experiential Learning activity),23,text,"The Signature Work Project will vary across fields and disciplines, but will always include substantial scholarly writing, reflection on learning, and publicly visible results. A student's Signature Work topic will be identified by the end of the sophomore year, at the latest. In the junior and senior years, a student will create an e-portfolio that captures both the Signature Work Product a student has produced and a narrative explaining the larger inquiry informing their Signature Work Project. Further information is available in the Signature Work Guide.",86
p0067,Part 3: The Curriculum,Degree Requirements,"Major Requirements (16-19 courses, 64-76 credits)",Signature Work and Experiential Education (8 credits and one Experiential Learning activity),24,text,Two senior capstone incorporating mentored scholarly research and cocourses leading to signature product.,13
p0069,Part 3: The Curriculum,Degree Requirements,"Major Requirements (16-19 courses, 64-76 credits)",Signature Work and Experiential Education (8 credits and one Experiential Learning activity),24,text,One or more experiential activities after year one.,8
p0070,Part 3: The Curriculum,Degree Requirements,Credits Required for Degree,,24,text,"Duke Kunshan University adheres to the academic standards upheld by Duke University and the relevant requirements for graduation and degree awarding by the education administration authorities of China. All undergraduate students must meet the requirements of both Duke University and Duke Kunshan University before they can graduate and be awarded a graduation certificate and a bachelor’s degree from Duke Kunshan University, as well as a bachelor’s degree from Duke University.",70
p0071,Part 3: The Curriculum,Degree Requirements,Credits Required for Degree,,24,text,"A total of 136 Duke Kunshan University credits is required for international students to graduate and obtain the degrees, inclusive of 34 Duke Kunshan University credits earned through courses taught or co-taught by Duke faculty (i.e. 8.5 courses; 1 course credit at Duke is equivalent to 4 Duke Kunshan University credits). The specific Chinese Society and Culture courses required by the Ministry of Education of China for Chinese students are optional for international students. Students should note that the Chinese Society and Culture courses are taught in Chinese and do not count toward the 136 credits for the Duke degree.",100
p0072,Part 3: The Curriculum,Degree Requirements,Credits Required for Degree,,24,text,"A total of 156 (Class of 2022) or 158 (Class of 2023 and beyond) Duke Kunshan University credits is required for Chinese students to graduate and obtain the degrees, including: (1) 136 Duke Kunshan University credits required for graduation with a Duke University bachelor’s degree, inclusive of 34 Duke Kunshan University credits earned through courses taught or co-taught by Duke faculty (i.e. 8.5 courses; 1 course credit at Duke is equivalent to 4 Duke Kunshan University credits); and (2) 20 (Class of 2022) or 22 (Class of 2023 and beyond) Duke Kunshan University credits required by the education administration authorities of China. The aforementioned graduation requirements apply to all Chinese students, including those from Hong Kong, Macau, and Taiwan. The detailed explanations are as follows: Class of 2022: For students from the Chinese mainland, the credit-bearing requirements specified by the education administration authorities of China are: (1) Chinese Society and Culture courses (16 credits in total); (2) Military training (2 credits);",161
p0073,Part 3: The Curriculum,Degree Requirements,Credits Required for Degree,,24,text,"(3) Eight half-credit physical education courses (4 credits in total, 2 of which can count toward the 136 credits for the Duke degree), and passing the physical proficiency test set by Ministry of Education of China. The total required credits is 156, inclusive of the 136 credits required for all students.",51
p0074,Part 3: The Curriculum,Degree Requirements,Credits Required for Degree,,25,text,"Students from Hong Kong, Macau, and Taiwan must meet the same requirements as those from the Chinese mainland. However, they may substitute the military training credits with credits from specific designated Chinese studies courses, or they can voluntarily take military training to get the corresponding credits.",46
p0075,Part 3: The Curriculum,Degree Requirements,Credits Required for Degree,,25,text,"Class of 2023 and Beyond: For students from the Chinese mainland, the credit-bearing requirements specified by the education administration authorities of China are: (1) Chinese Society and Culture courses (16 credits in total); (2) Military training (4 credits); (3) Eight half-credit physical education courses (4 credits in total, 2 of which can count toward the 136 credits for the Duke degree), and passing the physical proficiency test set by Ministry of Education of China. The total required credits is 158, inclusive of the 136 credits required for all students.",89
p0077,Part 3: The Curriculum,Degree Requirements,Credits Required for Degree,,25,text,"Course credit at Duke Kunshan University follows the same standard as Duke University in terms of instruction hours and out-of-class study hours. Of the 136 credits required for a Duke University degree, a maximum of 8 credits passed with a D grade (D, D+, D-) can be used toward the 136 credits requirement. The 136 credits may include (1) no more than 2 credits in physical education activity courses (i.e., four half-credit activity courses); (2) no more than eight elected credits taken on a Credit/No Credit grading basis (not including courses offered only on that basis); (3) no more than 40 credits combining any allowable transfer credits including AP/IPC, transfer credits for study abroad, etc.; and (4) no more than Duke Kunshan University equivalent of 24 credits in graduate and professional school courses not listed in the Duke Kunshan University Undergraduate Programs Bulletin. These courses include all courses offered by Duke Kunshan University graduate programs, Duke schools of business, law, divinity, nursing, and all graduate courses numbered 700 and above.",170
p0078,Part 3: The Curriculum,Degree Requirements,Credits Required for Degree,,25,text,"These courses are generally not open to undergraduates and require special permission to enroll. For limitations on transfer credit and Advanced Placement credit, see the sections on “Advanced Placement” and “Transfer of Work Taken Elsewhere” in Part 6: “Academic Procedures and Information”.",42
p0079,Part 3: The Curriculum,Degree Requirements,Credits Required for Degree,,26,text,"To meet the 136-credit requirement, students need to complete additional elective courses in addition to completing the General Education and Major Requirements. The curriculum is designed to enable a wide range of flexibility for students. Some may elect to use their full range of electives to go wide and broad while others may elect to dive deep into their areas of disciplinary study.",63
p0080,Part 3: The Curriculum,Degree Requirements,Non-Credit Mini-Term Courses,,26,text,"Mini-term courses are intensive, non-credit, non-graded, one-week short courses. There are two types of mini-term courses: Exploratory Courses provide a focused exposure to a single topic while enabling students to move outside of their comfort zones. These courses encourage students to explore their intellectual interests and unfamiliar academic fields and locate their passions by offering short seminar-style courses in a risk-free setting. Exploratory courses are intended for the generalist with minimal or no pre-requisites and could be academically or experientially oriented. o Signature Work Courses provide structured time for sophomores or juniors to focus on planning or research for their Signature Work project. These courses function as incubators which enable students to develop a better understanding of a particular topic or field and the strategies for narrowing their focus so as to carry out advanced work. Some Signature Work Mini-Terms require pre-requisites.",142
p0081,Part 3: The Curriculum,Degree Requirements,Non-Credit Mini-Term Courses,,26,text,Mini-Term courses are offered between the two sessions of the spring term. Students in the Class of 2022 are not required to take a mini-term course but may if desired. Students in the Class of 2023 and beyond are required to take one mini-term course in order to fulfill their degree requirement. Students may enroll in additional mini-term courses as space permits. Students can take these courses any time during their four-year study at Duke Kunshan University.,77
p0082,"Part 4: Admission, Scholarships and Financial Aid",Principles of Selection,,,27,text,"Duke Kunshan University seeks high-caliber, diverse, and talented students with 60-70% of the student population from China, and 30-40% of students from the rest of the world. Like Duke University, academic excellence and accomplishments are important factors for admissions. In line with our own unique institutional identity, we also place a very high value on qualities such as perseverance, global-mindedness, entrepreneurialism and ability to make an impact.",67
p0083,"Part 4: Admission, Scholarships and Financial Aid",Principles of Selection,,,27,text,"Applicants may be invited to attend an interview either in-person, by phone or via videoconference. Strong candidates from the Chinese mainland as well as Hong Kong, Macau and Taiwan will be invited to Duke Kunshan University for a one-day campus visit including an interview and an English writing test. All interviews are conducted in English.",55
p0084,"Part 4: Admission, Scholarships and Financial Aid",How to Apply,,,27,text,Duke Kunshan University operates different enrollment streams according to applicants' citizenship.,11
p0085,"Part 4: Admission, Scholarships and Financial Aid",Application Timelines,,,27,text,"International students (students who do not hold Chinese citizenship) will need to complete the Common Application and select a decision plan (Early Decision or Regular Decision), which determines the admissions timeline. Students may select only one decision plan and those who have selected Early Decision will not be reconsidered during the Regular Decision cycle if an admissions decision is made during the Early Decision round.",65
p0086,"Part 4: Admission, Scholarships and Financial Aid",Application Timelines,,,27,text,Early Decision (International Students only) Application Deadline: November 2 • Decision Notification Date: Mid-December • Acceptance of Offer: By January 5,21
p0087,"Part 4: Admission, Scholarships and Financial Aid",Application Timelines,,,27,text,Regular Decision (International Students) Application Deadline: January 4 • Decision Notification Date: Mid-March • Acceptance of Offer: By May 1,20
p0088,"Part 4: Admission, Scholarships and Financial Aid",Application Timelines,,,28,text,"All Chinese students, including students from Hong Kong, Macau and Taiwan, applying to Duke Kunshan University must complete the application in the Slate system, and choose the Regular Decision plan for application.",32
p0089,"Part 4: Admission, Scholarships and Financial Aid",Application Timelines,,,28,text,Regular Decision (Chinese Mainland Students) Application Deadline: January 3 • Campus Day: March • Release of Shortlist: Early April • Gaokao: Early June • University Selection in the MOE System: Late June • Admission & Release of Offer: Early-Mid July,40
p0090,"Part 4: Admission, Scholarships and Financial Aid",Application Timelines,,,28,text,"Regular Decision (Hong Kong, Macau, Taiwan & Overseas Chinese Students) Application Deadline: January 3 • Campus Day: March • Release of Shortlist: Early April • Pre-admission of Taiwan Students with GSAT (General Scholastic Ability Test): Early April • JEE (Joint Entrance Examination): Mid-May • University Selection in the MOE System: Mid-June • Admission & Release of Offer: Early-Mid July",59
p0091,"Part 4: Admission, Scholarships and Financial Aid",Application Requirements,,,28,text,"International Applicants need to submit the following: The Common Application form including personal essays • High School Transcript5 • External Exam results or predicted scores, if applicable (e.g. IB, WAEC, GCSE, A-Levels, etc.) • Two Teacher Recommendation Letters • Counselor Recommendation Letter • SAT or ACT exams6 • Early Decision Agreement (if applicable) • OPTIONAL: SAT Subject Tests o TOEFL/IELTS or Duolingo for Non-Native English speakers",66
p0092,"Part 4: Admission, Scholarships and Financial Aid",Application Requirements,,,28,text,5 A final high school transcript will be due upon high school graduation and before enrolling at DKU. 6 Verified SAT or ACT Scores from the testing center will be due before enrolling at DKU.,35
p0093,"Part 4: Admission, Scholarships and Financial Aid",Application Requirements,,,29,text,"Chinese Applicants from the Chinese mainland need to submit the following: The Slate Application form including Personal essays • Mid-term and Final Grades in each term of Senior High School • A Teacher Recommendation Form • School Recommendation Form • Main honors and awards • TOEFL, IELTS, Duolinguo, or THUSSAT (optional) • Signed Consent Form • Gaokao Score (upon completion)",60
p0094,"Part 4: Admission, Scholarships and Financial Aid",Application Requirements,,,29,text,"Chinese Applicants from Hong Kong, Macau Taiwan and Overseas need to submit the following: The Slate Application form including essays • Mid-term and Final Grades in each term of Senior High School • A Teacher Recommendation Form • TOEFL, IELTS or Duolingo (optional) • Test Scores Joint Entrance Exam (JEE); or o GSAT (Taiwan applicants only)",56
p0095,"Part 4: Admission, Scholarships and Financial Aid",Application Requirements,,,29,text,"After a preliminary review, all qualified mainland applicants will be invited to attend one of the Campus Days on weekends in March. On the Campus Day, applicants will be invited to attend a series of activities, including interviews, mock classes and writing assessment.",43
p0096,"Part 4: Admission, Scholarships and Financial Aid",Scholarships and Financial Aid,,,29,text,"To support a globally diverse cohort of students from a variety of backgrounds, Duke Kunshan offers both need-based and merit-based awards up to and including the cost of full-tuition.",29
p0097,"Part 4: Admission, Scholarships and Financial Aid",Scholarships and Financial Aid,,,29,text,All applicants for admission are automatically considered for merit scholarships. A separate application is not required.,16
p0098,"Part 4: Admission, Scholarships and Financial Aid",Scholarships and Financial Aid,,,29,text,"When completing the Common or Slate Application, all applicants must indicate a “yes” in the financial aid interest box in order to be considered for need-based financial aid. International applicants must also submit the CSS Profile with their admissions application. The CSS code for Duke Kunshan University is 7059. Financial aid applicants will need to provide documentation to demonstrate that their current financial situation is a direct barrier to affording the tuition fees.",73
p0099,"Part 4: Admission, Scholarships and Financial Aid",Scholarships and Financial Aid,,,29,text,"For International students, need-based financial aid is reserved for applicants with a strong academic record yet a demonstrated lack of financial resources to cover tuition payments. Admission decisions are based on the overall assessment of all application materials. However, in order to best support the financial needs of all students who ultimately enroll, Duke Kunshan has a need-aware admissions process that may place some consideration on an applicant’s level of financial need in relation to available space and funds. Admitted international students who did not apply for financial aid during the admissions application phase are ineligible to apply for financial aid for any year of undergraduate study.",107
p0100,"Part 4: Admission, Scholarships and Financial Aid",Notification and Responses,,,30,text,"Typically, applicants will receive the scholarship/financial aid decisions together with the admissions decisions.",13
p0101,Part 5: Financial Information,Tuition and Fees,,,31,text,College is an expensive investment. Fees paid by students do not cover the full cost of an education at the University. The income from endowment and contributions from alumni and other concerned individuals help meet the balance and assure each student the opportunity to pursue an education of unusually high quality.,51
p0102,Part 5: Financial Information,Tuition and Fees,,,31,text,"Students are urged to give their attention first to the selection of institutions that meet their intellectual and personal needs, and then to the devising of a sound plan for meeting the cost of their education. This process will require an in-depth knowledge of both the university’s financial aid program and the resources of the student’s family. Information describing in detail the various forms of financial aid may be obtained from the Office of International Enrollment Management or the Office of China Enrollment Management.",84
p0103,Part 5: Financial Information,Estimated Expenses,,,31,text,"The figures in this section are projections and are subject to change. Certain basic expenditures, such as tuition and room and board are considered in preparing a student’s budget. These necessary expenditures, with a reasonable amount allotted for miscellaneous items, are shown below: Tuition $29,043 $29,043 Health Insurance $1,116 $0.00 Student Fees (Health Fee, Recreation Fee, etc.) $0.00 $0.00 Books & Supplies $650.00 $650.00 Residence $1,433 $1,433 Board $1,426 $1,426 International Travel $3,000 $0.00 Miscellaneous/Personal Expenses $905.00 $905.00",78
p0104,Part 5: Financial Information,Estimated Expenses,,,31,text,"Note: Assuming the exchange rate is 6.63, the tuition per year is about RMB385,104. The residence charge per term at Duke Kunshan University is RMB9,500 for single room and RMB7,500 for double room.",33
p0105,Part 5: Financial Information,Estimated Expenses,,,32,text,"International Travel includes an estimate of the cost of one roundtrip from an international destination to Shanghai for international students, typical visa costs, and the additional health check and registration costs associated with establishing legal residence in China for non-Chinese students. Students wishing to return to their home countries during breaks in their study before the end of the year should budget additional funds for these trips.",67
p0106,Part 5: Financial Information,Estimated Expenses,,,32,text,"Tuition ¥ 85,000 ¥ 85,000 - Social Insurance ¥ 300 - - Student Fees (Health Fee, Recreation Fee, etc.) - - - Books & Supplies ¥ 4,310 ¥ 4,310 ¥ 200 Residence ¥ 9,500 ¥ 9,500 - Board ¥ 9,450 ¥ 9,450 ¥ 4,410 Domestic Travel ¥ 1,000 ¥ 1,000 - Miscellaneous/Personal Expenses ¥ 6,000 ¥ 6,000 ¥ 2,625",59
p0107,Part 5: Financial Information,Estimated Expenses,,,32,text,"Note: Domestic Travel includes two return trips (RMB 1,000 each) for PRC students to go back to their hometown during breaks. Textbook fee will be charged based on actual costs.",30
p0108,Part 5: Financial Information,Estimated Expenses,,,32,text,"It should be noted that additional expenses incurred will depend to a large extent upon the tastes and habits of the individual. The average undergraduate student, however, can plan on a budget of approximately $71,029 for international students and ￥230,819 for Chinese students for one academic year (￥238,054 for students who take the Chinese Society and Cultural courses in the summer of 2022). These budgets represent most student living expenses except for cable, telephone, parking, travel costs, loan fees, and major clothing purchases. Enrollment Deposit",85
p0109,Part 5: Financial Information,Estimated Expenses,Enrollment Deposit,,32,text,"International students are required to pay an enrollment deposit of USD 1,000 if they accept the admissions offer from the University. The deposit is non-refundable, but can then be used to pay tuition and fees. Campus Deposit",37
p0110,Part 5: Financial Information,Estimated Expenses,Campus Deposit,,32,text,"Students shall pay a campus deposit of ￥2,000 (or USD 300) before they arrive on campus. The deposit would be used to pay for any losses and damages caused to university properties and miscellaneous charges such as residence damages, excessive cleaning, refrigerator rental, library overdue fines, damaged or lost books, replacement processing fees, etc. If the deposit is not sufficient to cover the charges, the student will be responsible for settling all outstanding amounts and replenishing their campus deposit balance to RMB 2,000 (or USD 300) after the payment due date. If the full amount of the campus deposit drops below RMB 2,000 (or USD 300), access to the student residence and library collections may be restricted. The campus deposit will be rolled over from year to year, and the balance will be refunded to the student after their graduation or withdrawal from the university.",145
p0111,Part 5: Financial Information,Estimated Expenses,Campus Deposit,,32,text,"Residence Charge The residence charge for a single room is RMB 9,500 (equivalent to USD 1,433 for International students) per term; for a double room, the fee is RMB 7,500 (equivalent to USD 1,131 for International students per term). There is no additional Residence charge for students taking the required Chinese courses during the summer. Health Insurance International students are required to purchase and enroll in the Health Insurance Plan (including ISOS) from the university. It is optional for Chinese Students to purchase social insurance. For detailed information about insurance, please click here:",93
p0112,Part 5: Financial Information,Estimated Expenses,Health Insurance,,33,text,"https://dukekunshan.edu.cn/en/campus-life/student-life/pre-arrival-and-orientation/internationalstudent-zone#pre-insu Fees for Courses Additional fees may be charged for certain physical education activities, optional study trips, lab work and applied music courses. Study Away Costs For the costs of Study Away, please see the section on Study Away in Part 8.",42
p0113,Part 5: Financial Information,Estimated Expenses,Study Away Costs,,33,text,"Student Bills Tuition and fees are due before the start of each term. It is the responsibility of students to pay the entire billed amount by the due date listed on the bill. Students applying for financial aid should complete that process by the assigned due date. Details of bills are available electronically on the Student Information System, and students will also receive bills via e-mail. Students may view up-to-date student account history on the Student Information System. Payment Students who receive the RMB bill should pay in RMB; while students who receive the USD bill should pay in USD. For detail payment instructions, please refer to the student bill. Service charges are normally assessed by the sending bank. For overseas payment, the intermediary bank might also be involved in completing the wire transfer and charge service fee. Please make",140
p0114,Part 5: Financial Information,Estimated Expenses,Payment,,34,text,"sure you include or pay for the service charge before initiating your wire transfer. Your student account will be credited for the actual amount received (net of fees assessed by both the sending bank and the intermediary bank). Restriction on Past Due Accounts Tuition and fees are due before the start of each term. If your account remains unpaid, you will not be allowed to register for future terms and may be administratively withdrawn from the University. As long as your account is past due, you may not have access to academic transcripts, be able to have academic credits certified, or receive a diploma at graduation. If your account remains outstanding after your departure from the University, it may be referred to a collection agency and reported to a credit bureau.",131
p0115,Part 5: Financial Information,Refund,,,34,text,"When students take a leave of absence, withdraw from the University, or are withdrawn by the University, an adjustment to tuition may occur, depending on the date and the reason for the withdrawal or leave of absence.",37
p0116,Part 5: Financial Information,Refund,,,34,text,"If the tuition adjustment results in a credit balance, the student or parent may elect to have the balance refunded or carried forward for future terms.",26
p0117,Part 5: Financial Information,Refund,,,34,text,The University Tuition Withdrawal Adjustment policy is compliant with the Jiangsu Education Department’s regulations. The tuition withdrawal adjustment is calculated on a term basis as the tuition is charged and will be processed with all other refundable charges.,38
p0118,Part 5: Financial Information,Refund,,,34,text,The tuition withdrawal adjustments for students who take a leave of absence or withdraw from the University shall follow the following guidelines: Before classes begin 100%,26
p0123,Part 5: Financial Information,Refund,,,34,text,"*From the class start date, as calculated in the Student Information System.",12
p0124,Part 5: Financial Information,Refund,,,34,text,** The refund percentage here refers to the percentage that will be refunded out of the net tuition for the term in which the student takes a leave of absence or withdraws.,32
p0125,Part 5: Financial Information,Refund,,,35,text,"a. For students who cannot pass the physical examination within three months after the program begins, the University will refund full tuition to students.",24
p0126,Part 5: Financial Information,Refund,,,35,text,"b. For students who voluntarily withdraw or take a leave of absence from the University, the University will refund according to the above schedule.",24
p0127,Part 5: Financial Information,Refund,,,35,text,"c. For students who are suspended, put on involuntary leave of absence, or dismissed from the University due to violation of University policies and regulations, no refund will be granted.",30
p0128,Part 5: Financial Information,Refund,,,35,text,"d. For students who are suspended or take a leave of absence from the University due to a medical condition, the University will refund according to the above schedule. The University will not charge the students during the suspension or leave period. Students need to pay for the tuition of the term when they return to the University.",58
p0129,Part 5: Financial Information,Refund,,,35,text,"e. Students who voluntarily withdraw or take a leave of absence from the University will received a pro-rated refund of their housing fee, calculated based on the nightly rates.",29
p0130,Part 5: Financial Information,Refund,,,35,text,"f. In the event of death, a full tuition refund is granted.",12
p0131,Part 6: Academic Procedures and Information,Academic Integrity,,,36,text,"All DKU students are responsible for adhering to the Duke Kunshan University Community Standard (see section on Community Standard, Part 1). Each student admitted to DKU is required to sign the Community Standard before classes begin. The DKU Community Standard stresses the commitment that students share with all members of the community to enhance the climate for honesty, fairness, respect, and accountability at DKU. Students affirm their commitment to foster this climate by signing a pledge that includes taking constructive action if they witness or know about behavior they perceive to be inconsistent with the DKU Community Standard, which may include violation of university policies. Students are responsible for maintaining high standards of academic honesty and personal integrity in all matters, including reporting the results of their studies, laboratory work, and research; completing assignments; writing papers; and taking quizzes, tests, and examinations. When confronted with a possible violation of academic integrity, it is important that faculty members deal fairly and consistently with students.",163
p0132,Part 6: Academic Procedures and Information,Academic Integrity,,,36,text,"The University’s disciplinary process is independent of, and in addition to, an instructor’s decision on how to grade academically dishonest work. Instructors are expected to communicate with students their policy regarding grading of an academically dishonest assignment (e.g., zero on the assignment, reduced/failing grade for the course, or other approach). An instructor may only implement this penalty if the student has accepted responsibility for academic dishonesty (by accepting the penalty) or has been found responsible for such through the proceedings of the Undergraduate Academic Review Board (UARB).",87
p0133,Part 6: Academic Procedures and Information,Academic Integrity,,,36,text,Any case reviewed by the UARB shall be kept strictly confidential and only those parties involved in investigating and resolving the case should know the details of the case and its resolution.,32
p0134,Part 6: Academic Procedures and Information,Academic Integrity,,,36,text,"Violations of academic integrity that occur while the student is residing at Duke University or other institution (for example, during a study-abroad program) will be handled by the host institution according to the host institution’s policies, although DKU reserves the option to investigate the case and impose additional penalties if such action is deemed warranted. In the event a DKU student is suspected of an academic integrity violation at Duke University, DKU may share information regarding previous academic integrity violations that occurred at DKU. Duke University, at its discretion, may use this information in the resolution of disciplinary proceedings.",99
p0135,Part 6: Academic Procedures and Information,Academic Integrity,Academic Integrity: Undergraduate Program Policies,,36,text,"Members of the faculty teaching undergraduates are expected to consult with the Dean of Undergraduate Studies regarding cases of possible academic misconduct. Minor, first-time infractions (those that would not be grounds for suspension or more severe censure if proven true) may be resolved between the faculty member and the student. The faculty member should submit a written record of the violation and how it was resolved using the Faculty-Student Resolution Form to the Dean of Undergraduate Studies or designee, who maintains a record and determines if there have been previous violations. If the student is dissatisfied with the resolution, he or she may appeal to the Dean of Undergraduate Studies or designee. Cases that are more serious, secondtime offenses or student appeals must be handled more formally through the Undergraduate Academic Review Board (UARB).",134
p0136,Part 6: Academic Procedures and Information,Entrance Credit and Placement,,,37,text,Duke Kunshan University recognizes three types of college-level work you may have completed prior to matriculation at Duke Kunshan University: Advanced Placement Credit (AP) • International Placement Credit (IPC) • Prematriculation College Credit,33
p0137,Part 6: Academic Procedures and Information,Entrance Credit and Placement,,,37,text,"Scores on the tests listed below, documented previous educational experience, and DKU placement tests are the criteria that can be used to determine a student’s qualifications for certain advanced courses. In addition, a limited amount of elective course credit may be awarded on the basis of precollege examination and/or credits earned of the three types listed above. Duke Kunshan University will record on students’ permanent Duke Kunshan University records courses of these three types completed prior to their matriculation at Duke Kunshan University. The three types of precollege work are regarded as equivalent and may be used for placement into higher-level coursework and to satisfy major requirements at Duke Kunshan University to the extent allowed by each major. Additionally, students may be granted up to 8 elective credits toward the degree requirement of 136 credits for any combination of AP, IPC or prematriculation credit. AP, IPC and prematriculation credits may not be used to satisfy the quantitative reasoning requirement or any other general education requirements.",165
p0138,Part 6: Academic Procedures and Information,Entrance Credit and Placement,,,37,text,"Enrollment in a course for which AP, IPC or prematriculation credit has been given will cause the AP, IPC or prematriculation credit to be forfeited.",25
p0139,Part 6: Academic Procedures and Information,Entrance Credit and Placement,,,37,text,"All AP, IPC and prematriculation credits that Duke Kunshan University recognizes, along with the equivalent course, will appear on the DKU transcript. The University does not recognize any AP or IPC exams that are taken after a student begins at DKU nor does it recognize equivalent exams granting degree credit (CLEP, locally administered placement tests, etc.).",56
p0140,Part 6: Academic Procedures and Information,Entrance Credit and Placement,Forfeiture of Precollege Credit Awarded,,37,text,"Students who successfully complete a course at Duke Kunshan University for which they received precollege credit may not use that precollege credit or any higher precollege credit in that subject to satisfy degree requirements, but the precollege work will remain on the Duke Kunshan University transcript. A student who enrolls in a course for which precollege credit was awarded and who subsequently fails or withdraws from the course after the Drop/Add deadline will be allowed to apply the pre-college credit toward graduation requirements according to the policy governing use of such credits (see above).",94
p0141,Part 6: Academic Procedures and Information,Entrance Credit and Placement,College Board Advanced Placement Program (AP) Examinations,,38,text,"Duke Kunshan University recognizes the Advanced Placement program of the College Board. A score of four or five on College Board Advanced Placement Program Examinations, taken prior to matriculation at Duke Kunshan, is the basis for consideration of placement in advanced courses. Approval of the faculty and the corresponding division chair or the Director of the LCC is required before final placement is made. Scores must be submitted directly from the appropriate testing service to the Office of the University Registrar.",81
p0142,Part 6: Academic Procedures and Information,Entrance Credit and Placement,International Placement Credit (IPC),,38,text,"Duke Kunshan University recognizes the International Baccalaureate Program; the French Baccalaureate; the British, Hong Kong, or Singapore A Level Examinations; the Cambridge pre-U; the Caribbean Advance Proficiency Examination; the German Abitur; the Swiss Federal Maturity Certificate; the All India Senior School Certificate Examination; the Indian School Certificate examination; and the Israeli Matriculation Certificate. Scores acceptable for consideration are determined by the faculty and evaluated by the Office of the Registrar. Course equivalents for these programs may be recorded on a student’s permanent Duke Kunshan University record for placement and credit according to the same policy governing use of AP (see above). These credits may be used to satisfy the quantitative reasoning requirement but not other general education requirements; any combination of two IPC or AP courses may be used toward the required 136 credits for graduation.",136
p0143,Part 6: Academic Procedures and Information,Entrance Credit and Placement,Prematriculation Credit,,38,text,"First-year Duke Kunshan students may submit for evaluation college courses taken at another accredited college or university after commencement of the student’s junior year of high school. (For details concerning transferring this work, see the section “Work Taken During High School.”) Prematriculation credits awarded for such work may be used as electives and, thus, may not be used to satisfy the general education requirements. Any combination of eight prematriculation, IPC, or AP credits may be used toward the 136 credits required for graduation (credits do not have to be designated by the student). No prematriculation credit will be awarded for college coursework completed on a study abroad program undertaken prior to matriculation at Duke Kunshan.",115
p0144,Part 6: Academic Procedures and Information,Entrance Credit and Placement,Prematriculation Credit,,38,text,"For any of the above three types of college-level work, students are expected to submit their scores and/or any other required documents during their first term on campus. After the first term, no entrance credits will be accepted.",38
p0145,Part 6: Academic Procedures and Information,Entrance Credit and Placement,Placement in Languages,,38,text,"Entering students who attended Chinese high schools where English is normally not the medium of instruction will typically be assigned to the English for Academic Purposes (EAP) track. The written and oral English skills of EAP track applicants will be assessed during the application process, and applicants will need to demonstrate strong written and oral English skills in order to be admitted to Duke Kunshan University.",66
p0146,Part 6: Academic Procedures and Information,Entrance Credit and Placement,Placement in Languages,,39,text,"In cases where students assigned to the EAP track feel they should be assigned to another track, they may make a request in writing to the Director of the Language and Culture Center. Standardized test scores such as TOEFL, IELTS, SAT, and ACT can be included as supporting evidence in the request. However, the key question is whether or not students have had substantial training in academic English, especially training in writing papers in English, and so the request should provide evidence of such training. (Passing scores on tests such as TOEFL and IELTS are not, in and of themselves, sufficient evidence of adequate academic English skills such as the ability to write course papers in English, give effective presentations in English, and so forth.)",125
p0147,Part 6: Academic Procedures and Information,Entrance Credit and Placement,Placement in Languages,,39,text,"Entering International students who attended high schools where English was the medium of instruction will normally be assigned to the Chinese as a Second Language (CSL) track. During orientation at Duke Kunshan University, the Chinese skills of CSL track students will be assessed through a placement process that includes an interview, and they will be assigned to appropriate Chinese courses based on the results. In cases where students assigned to the CSL track feel they should be assigned to another track, they may make a request in writing to the Director of the Language and Culture Center.",97
p0148,Part 6: Academic Procedures and Information,Entrance Credit and Placement,Placement in Languages,,39,text,CSL-track students who are placed above CHIN 402 normally satisfy their language requirement by taking eight credits of advanced Chinese course electives above the CHIN 402 level.,27
p0149,Part 6: Academic Procedures and Information,Entrance Credit and Placement,Placement in Languages,,39,text,"International students who demonstrate that they already have a full academic/professional command of Chinese can fulfill their language requirement by taking eight credits of a combination of the following kinds of courses: Advanced Chinese courses covering areas where there is still room for improvement (e.g. Classical Chinese); • Additional languages (e.g. French, Japanese); • Advanced written and oral communication (WOC) courses.",61
p0150,Part 6: Academic Procedures and Information,Entrance Credit and Placement,Other Placement Tests,,39,text,"Duke Kunshan University may offer additional placement tests in selected subjects for incoming students. Such tests will generally be offered during orientation, although some might be available online during the summer preceding matriculation. Students may be allowed to register for designated advanced courses based upon their scores on these tests. However, placement test results do not carry any academic credit. Placement tests give placement based on formal coursework taken prior to matriculation at Duke Kunshan and may not be taken by upper class students.",84
p0151,Part 6: Academic Procedures and Information,Transfer of Work Taken Elsewhere,,,39,text,"A Duke Kunshan University student may receive credit for a maximum of 40 credits taken elsewhere, through a combination of AP/IPC credit or approved transfer or study away credit. Of those 40 credits, a maximum of 8 may be from AP/IPC/prematriculation credits (see section on Entrance Credit and Placement) prior to matriculation, and a maximum of 8 may be from coursework undertaken while on voluntary leave of absence for personal or medical reasons. No credit will be accepted for coursework taken while a Duke Kunshan University student is withdrawn, suspended, or on involuntary leave of absence.",96
p0152,Part 6: Academic Procedures and Information,Transfer of Work Taken Elsewhere,Work Taken During High School,,40,text,"College-level courses taken elsewhere prior to matriculation at Duke Kunshan may be considered for prematriculation credit provided they meet each of the following criteria: were taken after the commencement of the junior year of high school and yielded a grade of Bor better, not used to meet high school diploma requirements, taken on the college campus, taken in competition with degree candidates of the college, taught by a regular member of the college faculty, offered as part of the regular curriculum of the college, and not taken on a study abroad program completed prior to matriculation at Duke Kunshan. Formal review of courses meeting these criteria will proceed after an official transcript of all college courses taken and documentation pertaining to these criteria are received by the university registrar. (See also the section on entrance credit in this chapter for a discussion of the number of prematriculation credits that can transfer and how they may be used at Duke Kunshan.)",160
p0153,Part 6: Academic Procedures and Information,Transfer of Work Taken Elsewhere,Work Taken After Matriculation at Duke Kunshan University,,40,text,"All coursework undertaken after matriculation as a full-time degree-seeking student at Duke Kunshan University must be at another accredited four-year institution in the United States or similarly accredited institution abroad and with a liberal arts and general education curriculum. Duke Kunshan University students may study away for a fall or spring term and/or during the summer, either at Duke University or on a Duke Kunshan University-approved program sponsored by another university. In no instance may a student transfer more than 40 credits when combining study abroad, the allowable number of independent transfer courses, and AP/IPC credit. Courses taken at other institutions could count toward the major if approved by the relevant academic unit. However, specific majors may place limits on the types of courses taken at Duke or other universities that can be counted toward the major. For courses taken at Duke University: All grades earned at Duke University are entered on the official record at Duke Kunshan University and are used in determining the grade point average.",168
p0154,Part 6: Academic Procedures and Information,Transfer of Work Taken Elsewhere,Work Taken After Matriculation at Duke Kunshan University,,40,text,"Courses taken at Duke University with CR/NC grading or the equivalent are accepted for transfer credit (See more information in the section on Credit/No Credit (CR/NC) Grading System). For courses taken at universities other than Duke University: Only those courses taken in which grades of Cor better have been earned are acceptable for transfer credit; courses taken at other institutions with CR/NC grading or the equivalent are not accepted for transfer credit. All other courses approved for transfer are listed on the student’s permanent record at Duke Kunshan University, but grades earned are not recorded or used in determining the grade point average.",103
p0155,Part 6: Academic Procedures and Information,Transfer of Work Taken Elsewhere,Work Taken After Matriculation at Duke Kunshan University,,41,text,"Credit transfer is awarded by the Office of the Registrar, based upon recommendation of the faculty and outcome of the Host-DKU Credit Transfer Approval review process coordinated through the Office of Global Education. Courses may be determined to be: approved as fully equivalent to a DKU course; approved to fulfill a thematic area major requirement at DKU; approved as a general elective; or, denied eligibility for credit transfer. Courses approved for credit transfer at Duke Kunshan University may be given a 100 to 300 number, lower to upper level. Once the limit of transferred credit has been reached, no additional transferred work will be displayed on the record or used as a substitute for a previously transferred course. Further information is available from the Office of Global Education.",128
p0156,Part 6: Academic Procedures and Information,Transfer of Work Taken Elsewhere,Work Taken After Matriculation at Duke Kunshan University,,41,text,"Approval forms for Duke Kunshan University students taking courses at institutions other than Duke Kunshan University and Duke University may be obtained online or from the Office of Global Education. Students wishing to transfer credit for study at another accredited college or university while on leave, on a DKU-approved study abroad program, or during the summer must complete and receive approval through published credit-transfer review processes. No credit will be accepted for coursework taken while a Duke Kunshan University student is withdrawn, suspended, or on involuntary leave of absence.",89
p0157,Part 6: Academic Procedures and Information,Transfer of Work Taken Elsewhere,Transfer Credit for Foreign Language,,41,text,"The same rules that apply to the transferring of courses to meet other curriculum requirements apply to foreign language courses. Foreign language courses taken elsewhere and approved for transfer as credit to Duke Kunshan University may be considered in language placement, but students will still be asked to go through Duke Kunshan University’s Chinese language placement process in order to ensure that they are placed into the most appropriate Duke Kunshan University course for their proficiency level.",77
p0158,Part 6: Academic Procedures and Information,Time Limit for Completing Undergraduate Degree,,,41,text,"Undergraduates at Duke Kunshan University are expected to complete the bachelor’s degree in eight terms of enrollment. This period may be extended with approval from the Office of Undergraduate Studies for legitimate reasons, but the maximum length should not exceed six years, including the time taken for leave of absence. For students who are taking a leave of absence for military service reasons, the maximum length could be further extended by two years.",73
p0159,Part 6: Academic Procedures and Information,Registration,,,41,text,"Students are expected to register at specified times for each successive term. Prior to registration each student receives instructions via e-mail. Students prepare a course plan via the Student Information System, and should discuss it at an appointed time with their academic advisor prior to registration.",46
p0160,Part 6: Academic Procedures and Information,Registration,,,42,text,"Those students who have not paid any fees owed to or fines imposed by the university (such as student residence fines, library fines, and other possible fines) by the date specified for registration for the following term will not be permitted to register for the following term until such fees and fines have been paid in full, notwithstanding the fact that the student may have paid in full the tuition for the following term. Students who, for any reason, fail to register for the fall or spring term are placed on involuntary administrative leave of absence and must apply for reinstatement if they wish to return. The deadlines to file return applications, including all required supporting materials, are 5:00 p.m. May 1 (BJT) for Fall or Summer Term and 5:00 p.m. October 15 (BJT) for Spring Term. Late or incomplete applications will not be accepted.",145
p0161,Part 6: Academic Procedures and Information,Registration,Course Changes after Classes Begin in the Fall and Spring Terms (Class Drop/Add),,42,text,"Students may drop and add courses during the Drop/Add period at their own discretion. Courses dropped during this period do not appear on the official Duke Kunshan transcript. After the Drop/Add period, no course may be added; also, a course may not be changed to or from the audit basis. A student may elect to change the grading basis to Credit/No Credit following the deadlines outlined in the section on Credit/No Credit Grading System.",74
p0162,Part 6: Academic Procedures and Information,Registration,Withdrawal from a Course,,42,text,"Withdrawing from a course differs from dropping a course. Students drop the course themselves during the Drop/Add period, and the course does not appear on their official transcript. To withdraw from a course after the Drop/Add period, the student must obtain permission from his or her academic advisor. After the Drop/Add period, students permitted to withdraw from a course receive a designation of W for that course on their academic record. The deadline for requesting withdrawal from a course in a fall/spring term is four weeks prior to the last day of classes for fourteen-week courses and two weeks prior to the last day of classes for seven-week courses. The deadline applies to course withdrawals for any reason other than medical. Coursework discontinued without the advisor’s permission will result in a grade of F.",134
p0163,Part 6: Academic Procedures and Information,Registration,Withdrawal from a Course,,42,text,"Withdrawing from a course is permitted in multiple fall/spring terms, as long as a student maintains a course load of at least 16 credits. Withdrawing from a course to an underload (fewer than 16 credits) is generally permitted only once in a fall or spring term. However, a student may begin another term in an underload with certain restrictions (see below). A student may also be permitted to withdraw to an underload more than once if there are significant medical reasons (see below). Students are cautioned that taking an underload may result in a delayed graduation date. (See section on Satisfactory Performance Each Term (Term Credit Requirements).)",107
p0164,Part 6: Academic Procedures and Information,Registration,Withdrawal from a Course,,42,text,"If a student notes errors in his/her course schedule, he/she should immediately consult with his/her advisor during the one-week schedule correction period that occurs immediately after Drop/Add ends.",28
p0165,Part 6: Academic Procedures and Information,Registration,Course Changes for the Summer Terms,,43,text,Summer Terms are structured for first-year Chinese students to take courses to meet the MOE requirements. First-year students who wish to delay taking the required Chinese courses must submit a petition form to the Office of the Registrar. The deadline for withdrawal from a course will be two weeks prior to the last day of classes for summer term courses. All course changes need to be approved by the student’s academic advisor and processed by the Office of the Registrar.,80
p0166,Part 6: Academic Procedures and Information,Undergraduate Course Load,,,43,text,"Students are reminded that it is their responsibility to be certain that their course load conforms with academic requirements. In fall and spring terms, the normal course load is 16-20 credits (8-10 credits in each 7-week session). In addition, students may enroll in up to one credit of PE courses without special permission from their advisor. In the first 7-week session of their first term, firstyear students are restricted to a maximum of 8 credits (one four-credit course, one two-credit language course, and one additional two-credit course), plus one PE course. The maximum number of credits a student can take in any subsequent 7-week session without special permission is 10 (two 4-credit courses and one 2-credit course) plus one PE course. Students should note that in order to reach the 136 credits required for graduation, they will need 8 additional credits beyond the minimum course load of 16 credits per term for eight terms.",154
p0167,Part 6: Academic Procedures and Information,Undergraduate Course Load,,,43,text,"These additional credits can be earned by any combination of terms in which a student registers for greater than the 16-credit minimum, AP and IPC credits, or transfer credits. Students who enroll in or withdraw to an underload, earn a failing grade (F or NC), or repeat a course in any term should work with their academic advisor to develop a plan to make up credits in order to avoid a delayed graduation date.",74
p0168,Part 6: Academic Procedures and Information,Undergraduate Course Load,,,43,text,Students studying abroad at other institutions may be subject to that institution’s policies.,13
p0169,Part 6: Academic Procedures and Information,Undergraduate Course Load,Students on Academic Probation,,43,text,Students on academic probation may register for no more than 16 credits plus one PE course during the term of probation. The Dean of Undergraduate Studies may also limit the course load for a student who has previously received an academic warning. Students on academic probation are expected to remain in a full course load during the term of probation and will be permitted to withdraw to an underload only in extenuating circumstances.,73
p0170,Part 6: Academic Procedures and Information,Undergraduate Course Load,Overload,,43,text,"Only in exceptional cases and with special permission of both the academic advisor and the Dean of Undergraduate Studies or designee, could a student enroll in an overload (defined as more than 10 credits in a 7-week session or more than 20 credits in a term, exclusive of PE), up to a maximum of 24 credits. In determining whether to approve an overload, the academic advisor and the Dean of Undergraduate Studies will carefully consider the student’s academic history, including grades and the number of courses taken in the past. Students should not count on an overload later to compensate for a previous underload.",104
p0171,Part 6: Academic Procedures and Information,Undergraduate Course Load,Underload,,44,text,"Two categories of underloads (defined as a course load between 12 and 15 credits, exclusive of PE credits) may be authorized: withdrawal to underload and enrollment to underload. With the exception of medical, the maximum number of underloads under any circumstances (withdrawal or enrollment to an underload) is two terms. Students may make a request to their advisors to enroll in an underload up to twice during their time at Duke Kunshan University. A student may withdraw to an underload only once during their undergraduate career, although medical withdrawals are not counted in this number. Thus, there are only two possible enrollment patterns involving two underloads: One withdrawal to an underload plus one enrollment in an underload, or • Two enrollments in an underload",124
p0172,Part 6: Academic Procedures and Information,Undergraduate Course Load,Underload,,44,text,"Students should take note that an underload may affect a student’s scholarship or ability to graduate on time; 8 additional credits above the minimum of 16 per term are needed in order to meet the 136 credits requirement for graduation. Students should not count on an overload later to compensate for a previous underload. Students taking an underload will be ineligible for the Dean’s list and the Dean’s List with Distinction during that term. Each term, the Office of the Registrar will review all students with an enrollment under 16 credits. Students in an unauthorized underload may be placed on involuntary administrative leave of absence and have to apply for reinstatement if they wish to return. (See section on Leave of Absence.)",122
p0173,Part 6: Academic Procedures and Information,Undergraduate Course Load,Underload,,44,text,"Seniors needing only 3 courses to graduate may request an underload for their last. Seniors who anticipate that they will need fewer than 3 courses to graduate must apply before the first day of classes in the last term for part-time degree status (11 or fewer credits, exclusive of PE), which is not affected by or a part of the underload enrollment policy described here.",65
p0174,Part 6: Academic Procedures and Information,Undergraduate Course Load,Withdrawal to an Underload,,44,text,"During the term, upon recommendation from the academic advisor, the Dean of Undergraduate Studies may permit a student “for compelling reasons” to withdraw from a normal course load to an underload. Such a withdrawal to an underload is possible only prior to the final four weeks of classes for 14-week long courses and the final two weeks of classes for 7-week long courses. Students are permitted to withdraw to an underload only once in their academic career. The only exception to this policy is when a student is granted special permission to withdraw from a course to an underload for medical reasons (See Medical Withdrawal from a Course)",108
p0175,Part 6: Academic Procedures and Information,Undergraduate Course Load,Withdrawal to an Underload,,44,text,Withdrawal from a course in the summer is not subject to the underload policy.,14
p0176,Part 6: Academic Procedures and Information,Undergraduate Course Load,Medical Withdrawal from a Course,,44,text,"A student who experiences medical problems that seriously interfere with their ability to meet their academic responsibilities should schedule an appointment with their advisor as soon as possible to discuss all of their options. Depending on how debilitating the medical situation is, and when in the term the health concerns emerge, it may be the case that other types of relief, such as an incomplete or a medical leave of absence, are more appropriate than medical withdrawal from a course.",80
p0177,Part 6: Academic Procedures and Information,Undergraduate Course Load,Medical Withdrawal from a Course,,45,text,"The decision whether to approve a course withdrawal for medical reasons is an administrative one to be made by the Dean of Undergraduate Studies or designee, informed by the opinion of the student’s attending health care provider but not driven by it. Beyond information provided by the health care professional, the Dean of designee will take into account all that is known about the student’s situation at Duke Kunshan, including such factors as medical history, use of resources in the past, compliance with medical expectations, how the student has conducted their academic responsibilities in courses to date, and other such indicators that the student has been managing their condition and academic affairs in responsible ways.",115
p0178,Part 6: Academic Procedures and Information,Undergraduate Course Load,Medical Withdrawal from a Course,,45,text,"Medical course withdrawals are subject to the same deadline as all other course withdrawals. Likewise, such courses receive a designation of W on the student’s academic record. Students deemed eligible to take a medical Leave of Absence (See Leave of Absence) after the regular course withdrawal deadline will have the option, upon obtaining the appropriate approvals from the instructor, to choose to receive the grade of I in one or more courses instead of the W grade. The student may then complete the course as described in the section on Incomplete Coursework.",92
p0179,Part 6: Academic Procedures and Information,Undergraduate Course Load,Enrollment in an Underload,,45,text,"Under certain specific circumstances, students with a strong academic record may start a term enrolled in an underload of between 12 and 15 credits (exclusive of PE). This is permitted a maximum of two times in a student’s academic career and requires approval of both the academic advisor and the Dean of Undergraduate Studies. To enroll in an underload, a student must meet the following minimum criteria for eligibility: Have a declared major • Have a GPA of at least 3.0 and not be on academic probation • Be enrolled on campus at Duke Kunshan – enrolling in an underload is not permitted when you are studying abroad or otherwise away from Duke Kunshan • For a first underload term: have already passed at least 64 credits • For a second underload term, have passed at least 84 credits prior to the 6th term or 104 credits prior to the 7th term, or 124 prior to the 8th term (including AP, IPC, and transfer credits",165
p0180,Part 6: Academic Procedures and Information,Undergraduate Course Load,Enrollment in an Underload,,45,text,"When considering whether to enroll in an underload, students should note that they: will be ineligible for the Dean’s list and the Dean’s List with Distinction during that term; • may not withdraw from a course during the underload term; • must pass at least 12 course credits in order to meet term continuation requirements; and • may need to make up credits (e.g., in summer or in future terms) to stay on track for graduation.",76
p0181,Part 6: Academic Procedures and Information,Undergraduate Course Load,Enrollment in an Underload,,45,text,Students should also consider whether enrollment in an underload might affect their: scholarship or financial aid – check the conditions of your award; subsequent application to graduate or professional school – consult a graduate or professional school advisor.,38
p0182,Part 6: Academic Procedures and Information,Eligibility for Courses,,,46,text,"Students are responsible for ensuring that they have the stated prerequisites for a course. Students must check the course description to determine if they have taken the necessary prerequisites before enrolling in the course. As pre-requisites may get revised periodically, the most up-to-date information about course eligibility is provided in DKU Hub. Students may direct additional questions about course sequencing to their advisors, the Office of Undergraduate Advising, or the appropriate major coordinator.",73
p0183,Part 6: Academic Procedures and Information,Eligibility for Courses,,,46,text,"In certain subjects, such as the sciences, mathematics, and the foreign languages (particularly at the introductory and intermediate levels), some lower level courses must be taken in sequence because the content presented at one level is necessary for successful work at the next level. Given this circumstance, it follows that students who complete a higher level course in a sequence may not subsequently enroll in a lower one that is a prerequisite for the higher course in that sequence. For example, a student cannot take Chinese 101 after having successfully completed Chinese 102. Students earning a Cor below in a course that is a prerequisite for another course should consult with their academic advisor and/or the course instructor before enrolling in the subsequent course in the sequence.",127
p0184,Part 6: Academic Procedures and Information,Eligibility for Courses,,,46,text,Students may not register for two courses officially listed as meeting at the same time.,15
p0185,Part 6: Academic Procedures and Information,Eligibility for Courses,,,46,text,"First-year students may only enroll in 300to 400-level courses with instructor consent. Juniors and seniors may enroll in 500to 600-level (graduate-level, open to advanced undergraduates) courses. Sophomores wishing to enroll in a 500to 600-level course must secure permission of the instructor of the course and of their advisors. Undergraduates are normally not allowed to enroll in 700to 900-level courses. Under exceptional circumstances, however, permission to do so may be granted to a junior or senior, provided the instructor, the Director of Graduate Studies in the corresponding program and their advisors give their signed permission. Seniors who, at the beginning of the final term, lack no more than 12 credits toward the fulfillment of the requirements for the bachelor’s degree may enroll in graduate courses, for a maximum course load of 20 credits.",132
p0186,Part 6: Academic Procedures and Information,Course Repeat,,,46,text,"Students are permitted to repeat courses they’ve taken at Duke Kunshan University in which they have received a grade of Cor below. A course may be repeated only at Duke Kunshan University, although in rare cases and only by petition to the Dean of Undergraduate Studies or designee, a student might be permitted to repeat a Duke Kunshan course at Duke University or repeat a Duke University course at Duke Kunshan University. Such requests will only be considered if there is an equivalent course offered at both universities.",88
p0187,Part 6: Academic Procedures and Information,Course Repeat,,,46,text,"Students who failed a course need permission from their academic advisor before registering for the same course a second time. Students who received a passing grade (C-, D+, D, D-) for a course but who wish to repeat it to improve that grade and their GPA may do so only with permission from both their academic advisor and the Dean of Undergraduate Studies or designee. A student may NOT repeat a course for which the grade of record is CR, regardless of what the original grade was. The student should appeal in writing to their academic advisor, who will make a recommendation to the Dean of Undergraduate Studies, whose decision is final.",112
p0188,Part 6: Academic Procedures and Information,Course Repeat,,,47,text,"The grade earned in the repeated course as well as the grade earned originally appear on the transcript, the former identified as a repeat; both grades count in the grade point average, but the credit for only one counts toward the required number of courses for term credit requirements and the 136 credits required for graduation. A student may not use a CR/NC option on a course being taken for a second (or more) time. (See section on Credit/No Credit (CR/NC) Grading System.)",83
p0189,Part 6: Academic Procedures and Information,Course Repeat,,,47,text,"A student may not repeat a course after having passed another course for which the original course is a specific prerequisite. Except in the rare case of a successful petition to repeat a DKU course at Duke or a Duke course at DKU, a student may not substitute a different course or a course taken at another institution for a repeat of a course taken at Duke Kunshan University. If a student repeats a course at another institution, the credits will not transfer; the previous DKU grade will not change and will remain in the student's GPA calculation. A course taken at another institution with a grade of Cor above and not transferred to Duke Kunshan University may not be repeated at Duke Kunshan University. If it is determined such a course has been taken elsewhere and repeated at Duke Kunshan University, the Duke Kunshan University course will be removed from the academic record. A course previously passed at another educational institution, however, may be audited at Duke Kunshan University.",170
p0190,Part 6: Academic Procedures and Information,Course Repeat,,,47,text,"If the student wishes to repeat a course for a second time, that individual must submit an appeal in writing to their assigned academic advisor explaining the purpose of repeating the course and outlining a plan of study, including a plan to seek help from either the professor and/or the Academic Resource Center to demonstrate intention to improve their chance of passing the course. The advisor will make a recommendation to the Dean of Undergraduate Studies or designee, whose decision whether or not to grant permission is final. The course will count only once towards the 136 credits required for graduation and for fulfillment of term credit requirements.",108
p0191,Part 6: Academic Procedures and Information,Course Repeat,,,47,text,"Certain courses as designated in the course description (such as Research Independent Study, certain WOC courses, and applied music courses) may be repeated for credit without special permission.",28
p0192,Part 6: Academic Procedures and Information,Course Audit,,,47,text,"With the written consent of the instructor and permission of the academic advisor, a full-time degree student is allowed to audit one or more courses in addition to the normal program. An audited course counts as part of the course load (see section on Undergraduate Course Load). Students who audit a course submit no daily work and take no examinations, but are expected to attend class sessions. They do not receive credit for the course, but the audited course will appear on the transcript. Students must register for audited courses by submitting a signed course audit form to the Office of the University Registrar. The prohibition against registering for two courses meeting at the same time applies. After the Drop/Add period in any term, no student classified as an auditor in a particular course may take the course for credit, and no student taking a course for credit may be reclassified as an auditor. Physical education activity, studio art, applied music, and dance technique/performance courses may not be audited. A student may not repeat for credit any course previously audited.",180
p0193,Part 6: Academic Procedures and Information,Course Audit,,,47,text,"Undergraduates who have been dismissed, suspended, or placed on leave of absence may not audit or enroll in a course for credit at Duke Kunshan University.",26
p0194,Part 6: Academic Procedures and Information,Two-Credit Writing Courses,,,48,text,"First-year students are encouraged to take a 2-credit writing course (W) during their first session at DKU. The primary goal of the 2-credit writing courses is to give students a chance to practice and develop their writing skills (e.g. stating positions clearly, explaining ideas well, supporting arguments) through studying and then writing about an interesting topic. Writing assignments include any kind of expository writing that fits the subject matter of the course (e.g. position papers, argument papers, policy briefs, critiques, summaries, reports, editorials, literature reviews). These courses will require weekly writing assignments and student writing will be the main factor in the course grade. Students will also learn citation practices and how to find and evaluate references for their writing.",120
p0195,Part 6: Academic Procedures and Information,Independent Studies,,,48,text,"Independent study enables a student to pursue for course credit individual interests under the supervision of a faculty member. Independent study is of two types: Independent Study (nonresearch) and Research Independent Study. Both require approval of the instructor involved as well as the advisors and the appropriate division chair or Director of the Language and Culture Center; student-faculty meetings at least once a week for a 7-week course or once every two weeks for a 14week course; completion of a final product during the term for which a student is registered for the course; and evaluation by the instructor of the work, including the final product, associated with the independent study.",111
p0196,Part 6: Academic Procedures and Information,Independent Studies,,,48,text,"Courses entitled Independent Study or INDSTU are individual non-research directed study in a field of special interest on a previously approved topic taken under the supervision of a faculty member and resulting in an academic and/or artistic product. Courses entitled Research Independent Study or RINDSTU are individual research in a field of special interest under the supervision of a faculty member, the central goal of which is a substantive paper or written report containing significant analysis and interpretation of a previously approved topic. Research Independent Study courses may be repeated for credit. Students may not do a Research Independent Study related to their Signature Work topic in the same term in which they are registered for a capstone course.",119
p0197,Part 6: Academic Procedures and Information,Submission of Term Paper,,,49,text,Students who wish (under unusual circumstances) to submit a single paper for credit in more than one course must receive prior written permission from each course instructor. The student must indicate the multiple submission on the title page of the paper.,41
p0198,Part 6: Academic Procedures and Information,Declaration of Major,,,49,text,"All undergraduate students enter Duke Kunshan University without a major and are assigned an academic advisor. When preparing to declare a major in the sophomore year, students work with their advisors, and potentially others who have advised them, to develop a long-range academic plan. This plan lays out the courses they anticipate taking in their remaining terms and is reviewed by their advisor to confirm that it will meet established requirements for graduation. Although students may declare a major as early as the beginning of fall term of the sophomore year, all students must secure formal approval of their long-range plans and declare a major no later than the last teaching day of the first seven-week session in their fourth term. Until then, students should be exploring different options of majors to ensure that they are making the best choice for themselves. Students who do not declare their major may be prevented from registering for classes for their fifth undergraduate term and from participating in a term or study abroad program.",171
p0199,Part 6: Academic Procedures and Information,Declaration of Major,,,49,text,"Students who have declared a major and wish to change it may do so by submitting a form to the Office of the University Registrar. No changes in majors can be made after the end of the Drop/Add period of the first session of the spring term in the senior year. Students receive three confirmations of their graduation: a Duke University diploma (issued by Duke University), a Duke Kunshan University diploma (from the Ministry of Education of the PRC), and a Duke Kunshan University graduation certificate (from the Ministry of Education of the PRC).",94
p0200,Part 6: Academic Procedures and Information,Class Attendance and Missed Work,,,49,text,"Responsibility for class attendance rests with individual students, and since regular and punctual class attendance is expected, students must accept the consequences of failure to attend. Instructors who are concerned about a student’s attendance should first reach out to the student. If in their opinion, the student absence is excessive, instructors may contact the student's academic advisor and/or the Office of Undergraduate Advising.",63
p0201,Part 6: Academic Procedures and Information,Class Attendance and Missed Work,,,49,text,"Missed work associated with absence from class is accommodated in two circumstances: 1) illness or other extraordinary personal circumstance, and 2) religious observance. Missed work associated with any other absence is not covered by this policy. In courses where a defined number of absences is permitted, students should make judicious use of them and save them for unavoidable circumstances. Students are encouraged to discuss any absence, planned or unexpected, with their instructor to determine whether accommodation is possible. The nature of the accommodation, if any, is to be determined by the faculty member in accordance with their attendance policy as outlined in the course syllabus. It should be noted that personal travel arrangements, including before or after school breaks, are not an excuse for missed work or class absences; students are advised to consult the syllabus when making such arrangements to avoid missing class or graded work.",147
p0202,Part 6: Academic Procedures and Information,Class Attendance and Missed Work,,,50,text,"If a student will miss 2 or more consecutive instructional days due to illness, s/he should obtain official documentation from either Campus Health Services/Counseling and Psychological Services or from an external health care provider. The Campus Health Services/Counseling and Psychological Services will work with the Dean of Undergraduate Studies or designee to coordinate with the student’s instructors and academic advisor to support the student. Absences of a single day or less due to illness are generally handled directly between the student and faculty.",83
p0203,Part 6: Academic Procedures and Information,Class Scheduling,,,50,text,"Class times are officially scheduled at registration unless designated “to be arranged” (TBA). After registration begins, no class time may be changed without prior permission of the Registrar’s Office. Within-class tests (except for the final exam) are to be given during the regular class meeting times.",46
p0204,Part 6: Academic Procedures and Information,Incomplete Coursework and Excused Absence from Final Exam,,,50,text,"If, because of illness, emergency, or circumstances outside a student’s reasonable control, a student cannot complete work for a course or cannot attend the final examination, the student may request in writing to the instructor the assignment of an I (incomplete) for the course. The student is expected to also discuss the I grade with their academic advisor. An incomplete grade will not be authorized if the student has a history of excessive absences or failure to complete coursework in a timely fashion in the course in question. If the request for an incomplete (I) grade is approved by the instructor in the course, then the student must satisfactorily complete the work by the last class day of the fifth week of the subsequent seven-week session except when an earlier deadline has been established by the instructor. An earlier deadline will be established when there is a question of the student’s ability to clear their academic probation and meet term continuation requirements, or the professor decides an earlier deadline date is appropriate.",172
p0205,Part 6: Academic Procedures and Information,Incomplete Coursework and Excused Absence from Final Exam,,,50,text,"An I assigned in the second session of fall or spring must be resolved in the first session of the succeeding spring or fall term, respectively. An I assigned in the summer must be resolved in the succeeding fall term. If the I is not completed by the deadline, it will convert to an F and be reported to the Office of the Registrar. A student who is not enrolled in the university, including a student who experiences a voluntary or involuntary separation, withdrawal, or leave of absence from Duke Kunshan University in the session following receipt of an I, or who is studying away during the session following receipt of an I must still clear the I by the designated deadline. Students may not complete work in a course after graduation. Once recorded, a notation of the I will remain permanently on the student’s record, even after the final grade is assigned for the course. In addition, an I cancels eligibility for Dean’s List and Dean’s List with Distinction in the semester in which the I grade was issued.",180
p0206,Part 6: Academic Procedures and Information,Incomplete Coursework and Excused Absence from Final Exam,,,50,text,"For purposes of determining satisfactory progress each term and toward graduation, incomplete work in a course indicated by a grade of I is not presumed to be satisfactory performance in that course. Because a grade of I is not presumed to be satisfactory performance, a course with an unresolved I grade may not be used to fulfill a pre-requisite requirement. A student registered for a course with a prerequisite in which they have an I grade must either drop the course or resolve the I with a passing grade before the end of the drop/add period. For cases in which probationary status or term continuation is in question, incomplete work must be resolved in time for final grades to be submitted to the Office of the University Registrar no later than the weekday preceding the first day of classes of the subsequent fall or spring term (see section on Academic Warning, Probation, and Suspension).",154
p0207,Part 6: Academic Procedures and Information,Final Examinations,,,51,text,"The times and places of final examinations for each session are officially scheduled by the Office of the Registrar, generally according to the day and hour of the regular course meeting; changes may not be made in the schedule without the approval of the registrar. If a final examination is to be given in a course, it will be given during the official final exam period. Take-home examinations are due at the regularly scheduled hour of an examination, based on the time period of the class. In courses in which final examinations are not scheduled, an exam that substitutes for a final examination may not be given in the last week of classes. Hourly tests may be given in the last week of classes, whether or not a final examination is administered during the exam period. In the summer session, final examinations are held on the last two days of the term.",152
p0208,Part 6: Academic Procedures and Information,Final Examinations,,,51,text,"No later than the end of the first week of classes each session, the instructor is required to announce plans for the final examination exercise. The form of the final exercise is determined by the instructor. However, a final written examination may not exceed three hours in length and a final take-home examination may not require more than three hours in the actual writing.",64
p0209,Part 6: Academic Procedures and Information,Final Examinations,,,51,text,"Any student late for an examination may not expect time beyond the end of the scheduled period. A student who fails to take any scheduled final examination shall receive a grade of F in the course, unless they are excused for reasons deemed sufficient by the instructor. If they are excused they shall receive an I (Incomplete). (See section on Incomplete Grades). Students must take final exams at the officially scheduled times. Because end-of-the-term travel arrangements are not the basis for changing a final examination date, students are advised to consult the final examination schedule when making such arrangements. Deferral of a final examination will not be authorized if the student has a history of excessive absences or failure to complete coursework in a timely fashion in the course in question.",131
p0210,Part 6: Academic Procedures and Information,Grading and Grade Requirements,,,51,text,"Final grades on academic work are provided to students via the Student Information System after the examinations at the end of each session. While there are no formal midterm grades, at the middle of each session faculty are asked to notify the Advising Office of first-year students whose academic performance at that point in the session is Cor below. Such students will be contacted by their academic advisors.",68
p0211,Part 6: Academic Procedures and Information,Grading and Grade Requirements,Passing Grades,,52,text,"Passing grades are A, exceptional; B, superior; C, satisfactory; CR, pass (See Credit/No Credit grading system below); and D, low pass. These grades (except CR) may be modified by a plus or minus.",33
p0212,Part 6: Academic Procedures and Information,Grading and Grade Requirements,Passing Grades,,52,text,"Although the D grade represents low pass, not more than 8 credits passed with D grades (D+, D, D-) may be counted among those required for term credit requirements or among the 136 credits required for graduation. Courses for which a D grade is earned, however, may satisfy other requirements. For information on repeating a course with a D grade, see the section on Course Repeat.",66
p0213,Part 6: Academic Procedures and Information,Grading and Grade Requirements,Failing Grades,,52,text,"A grade of F or NC (See section Credit/No Credit grading system below) indicates that the student has failed to meet the requirements for the course. The grade is recorded on the student’s record. The course must be repeated and a passing grade earned in order for credit to be awarded. If the student registers for the course again, the second entry of the course and the new grade earned are made on the record, but the first entry is not removed. In such cases, both grades are included in the calculation of the cumulative grade point average, but the credit for only one is counted for term credit requirements or among the 136 credits required for graduation.",118
p0214,Part 6: Academic Procedures and Information,Grading and Grade Requirements,Grade Point Average,,52,text,The grade point average is based on grades earned in courses offering credit at Duke Kunshan University and Duke University and may be calculated based on the following numerical equivalencies to the grading system:,34
p0215,Part 6: Academic Procedures and Information,Grading and Grade Requirements,Grade Point Average,,52,table,Grade Point Average: A+ 4.0 C+ (2.3 credits); A 4.0 C (2.0 credits); A3.7 C- (1.7 credits); B+ 3.3 D+ (1.3 credits); B 3.0 D (1.0 credits); B2.7 D- (1.0 credits); F (0 credits),34
p0216,Part 6: Academic Procedures and Information,Grading and Grade Requirements,Grade Point Average,,52,text,"All grades that appear on the record, with the exception of CR and NC, military training (or designated substitutions for students from Hong Kong, Macau, and Taiwan), and the designated Chinese society and culture courses specified by the education administration authorities of China (see section on Credits Required for Degrees), are included in the calculation of the cumulative grade point average. For repeated courses, both grades will be calculated into the cumulative grade point average, but only one will count toward the credits required for graduation. The term and cumulative grade point averages are determined at the end of each term and displayed for students.",105
p0217,Part 6: Academic Procedures and Information,Grading and Grade Requirements,Credit/No Credit (CR/NC) Grading System for the Classes of 2022-2024,,53,text,"In order to encourage students to explore the richness and variety of Duke Kunshan University’s curricular offerings without worrying unduly about grades, students may elect to take up to four credits each term and summer session on a Credit/No Credit basis. No more than sixteen credits (in either two-credit or four-credit courses) towards the 136 credits requirement may be taken on a Credit/No Credit basis. The limit of sixteen credits does not apply to courses that are only offered on the Credit/No Credit basis.",84
p0218,Part 6: Academic Procedures and Information,Grading and Grade Requirements,Credit/No Credit (CR/NC) Grading System for the Classes of 2022-2024,,53,text,"All students will register for regular graded courses on a graded basis, and faculty will assign regular grades throughout the term, as well as a final grade for the course. However, a student may elect to change the grading basis to Credit/No Credit at any time up until the end of the Drop/Add period of the first session of the subsequent term in which the student is enrolled, with the exception of students in their graduating term, who must elect to change the grading basis within 24 hours after the grades are posted.",93
p0219,Part 6: Academic Procedures and Information,Grading and Grade Requirements,Credit/No Credit (CR/NC) Grading System for the Classes of 2022-2024,,53,text,"In the fall or spring term, a student must be enrolled in no less than a normal course load of 16 credits to be approved to change the grading basis of a course to CR/NC. In order to receive a CR (Credit), a student must have received a grade of Cor better in the course. A grade of D+ or below will be reflected on the transcript as NC (No Credit). Neither CR nor NC will be factored into the grade point average. Students who receive NC will receive no credit for the course and will be ineligible for Dean’s List in that term. Students who receive CR may still be eligible for the dean’s list if they have completed at least 16 credits for a regularly assigned grade (see section on Dean’s List).",134
p0220,Part 6: Academic Procedures and Information,Grading and Grade Requirements,Credit/No Credit (CR/NC) Grading System for the Classes of 2022-2024,,53,text,"In determining whether a student should be placed on academic warning, probation or suspended for academic reasons, a grade of NC earned in a course (other than PE courses), whether that course is offered only on the CR/NC basis or the student elects to take it on the CR/NC basis, is considered equivalent to a grade of F.",58
p0221,Part 6: Academic Procedures and Information,Grading and Grade Requirements,Credit/No Credit (CR/NC) Grading System for the Classes of 2022-2024,,53,text,"In their first year (two terms), students may use up to eight of the sixteen CR/NC credits for any course, up to a maximum of 4 credits per term. For students in their 3rd term and beyond, CHINESE 201A-B and CHINESE 202A-B may also be taken on a CR/NC basis. Courses taken on a CR/NC basis from the 3rd term onward (except those courses offered only on this basis and the previously mentioned 200-level Chinese language courses) do not count toward general education requirements or any other degree requirements (major, including prerequisites), unless by special permission from the Office of Undergraduate Studies. For students in any year, courses in which a CR is earned do count toward the requirement for 136 credits and term credit requirements.",126
p0222,Part 6: Academic Procedures and Information,Grading and Grade Requirements,Credit/No Credit (CR/NC) Grading System for the Classes of 2022-2024,,53,text,"A student who has taken a course on a CR/NC basis and earned a CR may not retake the course. A course for which a grade of NC is assigned cannot be used to satisfy the prerequisite for another course, even if the original grade was a passing grade (D+, D, or D-). A student may not use a CR/NC option on a course being taken for a second (or more) time. (See section on Credit/No Credit (CR/NC) Grading System.)",80
p0223,Part 6: Academic Procedures and Information,Grading and Grade Requirements,Credit/No Credit (CR/NC) Grading System for the Classes of 2022-2024,,53,text,"With the exception of study at Duke University, students studying abroad may not receive credit for courses taken on a CR/NC (or Pass/Fail or Satisfactory/Unsatisfactory) basis. Courses taken while a DKU student is studying away at Duke University may be taken on a Duke Satisfactory/Unsatisfactory basis, subject to Duke’s processes, regulations and deadlines – which may differ from those at DKU. Courses taken at Duke on a S/U basis will transfer back to DKU and be recorded using DKU’s CR/NC system. Such courses will be subject to all regulations and limitations stated for the DKU CR/NC policy in the DKU Bulletin, including all restrictions on the number of credits and which courses can be taken on this basis. Students declaring S/U at Duke are required to consult their DKU academic advisor to ensure that they will be using a DKU CR/NC option in an appropriate manner. Students who use S/U on a Duke course that cannot be transferred over as CR/NC at DKU will not earn credits for the course and may be ineligible to retake it at either institution.",180
p0224,Part 6: Academic Procedures and Information,Grading and Grade Requirements,Credit/No Credit (CR/NC) Grading System for the Classes of 2022-2024,,54,text,"The change of grading basis to CR/NC can be done through filing a form with the registrar, but students need to get approval from their advisors. Students who receive a NC (by changing a grade of D+ or below) should be mindful of continuation requirements, e.g. that they may be subject to academic suspension (see section on Continuation), or that they may have to take an extra course a later term or during the summer in order to ensure that they graduate on time. Once a student has notified the registrar to change the grading basis to CR/NC, it may not be changed back to a regular grade. Students are especially encouraged to make use of the CR/NC option in their first year to take courses they feel might lie outside of their areas of perceived interest, strength, or expertise.",140
p0226,Part 6: Academic Procedures and Information,Grading and Grade Requirements,Credit/No Credit (CR/NC) Grading System for the Class of 2025 and Beyond,,54,text,"All students will register for regular graded courses on a graded basis, and faculty will assign regular grades throughout the term, as well as a final grade for the course. However, a student may elect to change the grading basis to Credit/No Credit at any time up until the course withdrawal deadline of the session in which the student takes the course. Once this declaration is made, the grading basis cannot be changed back to a regular grade.",78
p0229,Part 6: Academic Procedures and Information,Grading and Grade Requirements,Credit/No Credit (CR/NC) Grading System for the Class of 2025 and Beyond,,55,text,"In their first year (two terms, 4 sessions), students may use the CR/NC credits for any course, up to a maximum of 4 credits per session. For students in their 3rd term and beyond, CHINESE 201AB and CHINESE 202A-B may also be taken on a CR/NC basis. Courses taken on a CR/NC basis from the 3rd term onward (except those courses offered only on this basis and the previously mentioned 200-level Chinese language courses) may not count toward general education requirements or any other degree requirements (major, including prerequisites), unless by special permission from the Dean of Undergraduate Studies or designee. For students in any year, courses in which a CR is earned do count toward the requirement for 136 credits and term credit requirements.",125
p0233,Part 6: Academic Procedures and Information,Grading and Grade Requirements,The W and WA Designations,,55,text,The designation W is recorded when a student officially withdraws from a course after the Drop/Add period. (See the sections on course changes in the section on Registration). WA indicates withdrawal from an audited course.,35
p0234,Part 6: Academic Procedures and Information,Progress toward Degree,,,56,text,"Students must achieve a satisfactory record of academic performance each term and make satisfactory progress toward graduation each year. Progress is assessed primarily by a student’s grade-point average. (See also the section on Academic Warning, Probation, and Suspension relevant for your class year.) However, other factors including enrollment in an underload, withdrawal to an underload, course repeat, grades of F or NC, D grades beyond 8 credits, leaves of absence, and suspensions may impact the total number of credits and therefore hinder a student’s progress toward graduation. Students should discuss with their academic advisor any factors that might impact their ability to meet term credit requirements. Students who fail to meet the minimum credit requirements each term will receive an academic warning.",122
p0235,Part 6: Academic Procedures and Information,Progress toward Degree,Satisfactory Performance Each Term (Term Credit Requirements),,56,text,"Students must make satisfactory progress toward fulfillment of curricular requirements and credits each term. All students must meet the following minimum requirements at the start of each fall and spring term or receive an academic warning: To be on track for an on-time graduation, at the start of the",49
p0237,Part 6: Academic Procedures and Information,Progress toward Degree,Satisfactory Performance Each Term (Term Credit Requirements),,56,text,An academic warning will be issued to students who have earned less than7 2nd term at Duke Kunshan 16 credits 12 credits 3rd term at Duke Kunshan 34 credits 30 credits 4th term at Duke Kunshan 52 credits 46 credits 5th term at Duke Kunshan 68 credits 62 credits 6th term at Duke Kunshan 84 credits 78 credits 7th term at Duke Kunshan 102 credits 96 credits 8th term at Duke Kunshan 116 credits 112 credits,76
p0238,Part 6: Academic Procedures and Information,Progress toward Degree,Satisfactory Performance Each Term (Term Credit Requirements),,56,text,"Students may not carry an underload without the permission of their advisors and the Dean of Undergraduate Studies or designee. For the purposes of calculating term credit requirements, incomplete work in any course is considered a failure to achieve satisfactory performance in that course and will be counted as 0 credits.",51
p0239,Part 6: Academic Procedures and Information,Progress toward Degree,Satisfactory Performance Each Term (Term Credit Requirements),,56,text,"7 A maximum of 8 credits passed with a D grade (D, D+, D-) can be counted. The credit count may include (1) no more than 2 credits in physical education activity courses (i.e., four half-credit activity courses)’ (2) no more than 8 credits taken on a CR/NC grading basis (not including courses offered only on that basis); (3) no more than 40 credits combining any allowable transfer credits, including AP/IPC, transfer credits for study abroad, etc.; and (4) no more than the Duke Kunshan University equivalent of 24 credits in graduate and professional school courses not listed in the Duke University Undergraduate Programs Bulletin. (See Section 3, Credits Required for Degrees.)",112
p0240,Part 6: Academic Procedures and Information,Progress toward Degree,Satisfactory Performance Each Term (Term Credit Requirements),,57,text,"Students who receive an academic warning for failing to meet the term credit requirements may make up additional credits by enrolling in 20 credits in a subsequent term, enrolling in an overload once a positive academic trajectory has been established, or completing summer coursework at Duke or on another approved study away program. (See Section on Study Away.). Alternatively, students might delay their graduation date. (See Section on Time Limit for Completing Undergraduate Degree.)",74
p0241,Part 6: Academic Procedures and Information,"Academic Warning, Probation, and Suspension for Students in the Classes of 2022-2024",,,57,text,"A student whose academic performance record indicates marginal scholarship, as assessed by grades, as well as term and cumulative grade-point averages, will be subject either to academic warning or academic probation. Failure to clear probationary status in the term of probation will result in a student’s suspension for academic reasons.",50
p0242,Part 6: Academic Procedures and Information,"Academic Warning, Probation, and Suspension for Students in the Classes of 2022-2024",,,57,text,"In determining whether a student should be placed on academic warning, probation or suspended for academic reasons, a grade of NC earned in a course, whether that course is offered only on the CR/NC basis or the student elects to take it on the CR/NC basis, is considered equivalent to a grade of F. (See also the section on CR/NC Grading system). For purposes of determining academic standing, incomplete work in a course indicated by a grade of I is considered equivalent to a grade of F until the I is resolved. (See section on Incomplete Coursework.) Grades in PE courses are not considered in determining academic warning, probation, or suspension.",111
p0243,Part 6: Academic Procedures and Information,"Academic Warning, Probation, and Suspension for Students in the Classes of 2022-2024",Academic Warning,,57,text,"Failure to meet any of the following standards will result in academic warning by the Office of Undergraduate Studies: 1. A single or more grade of F or NC (excluding PE courses) in a term 2. A second or more grade of D (D, D-, D+) over the student’s tenure at DKU 3. Failure to meet the term credit requirements (See section on Term Credit Requirements",66
p0244,Part 6: Academic Procedures and Information,"Academic Warning, Probation, and Suspension for Students in the Classes of 2022-2024",Academic Warning,,57,text,All students issued an academic warning are required to meet with the Director for Academic Advising or designee to discuss their academic progress. Students should also consult with their academic advisor.,31
p0245,Part 6: Academic Procedures and Information,"Academic Warning, Probation, and Suspension for Students in the Classes of 2022-2024",Academic Probation,,57,text,"For a student enrolled in 16 or more credits, the following grades will result in academic probation for the succeeding spring or fall term: during the first term of the freshman year, grades including DD, DF, or FF; during any subsequent spring/fall term, grades including DDD, DF or FF (as long as the student has passed at least 12 credits); and during two consecutive spring/fall terms, grades including DDDD, DDDF, or DDFF. For a student enrolled in an authorized underload (i.e., fewer than 16 credits), the following academic performance will result in academic probation: during the first term of the freshman year, grades of DD or F; during any subsequent fall/spring term, grades including DDD or DF (as long as 12 credits have been passed in that term); and during two consecutive spring/fall terms, grades including DDDD, DDDF, or DDFF.",140
p0246,Part 6: Academic Procedures and Information,"Academic Warning, Probation, and Suspension for Students in the Classes of 2022-2024",Academic Probation,,57,text,"In a case where probation may be in question because of an incomplete grade, the student will be notified by the Office of the Registrar of the need to have the incomplete replaced by a satisfactory grade in order to avoid academic probation. That is, the satisfactory final grade must be sufficient to avoid the combination of D and F grades that would result in academic probation, as described above.",70
p0247,Part 6: Academic Procedures and Information,"Academic Warning, Probation, and Suspension for Students in the Classes of 2022-2024",Academic Probation,,58,text,"The probation status will be reflected on those academic records used for internal purposes only. Students placed on academic probation must acknowledge their probationary status in writing to the Office of Undergraduate Studies in order to continue at the University. They are also required to meet with the Director for Academic Advising or designee and are expected to seek assistance from campus resources, have their course selection approved by their advisors and meet periodically with a designated academic coach. They may not study away during the probation period. Students are expected to clear their probationary status during the term of probation. In order to do so, they must enroll in 16 credits (plus up to one PE credit), of which no more than 4 credits may be taken on a Credit/No Credit basis. Grades of C, CR, or better must be earned in each course, or a C average must be achieved in that term.",155
p0248,Part 6: Academic Procedures and Information,"Academic Warning, Probation, and Suspension for Students in the Classes of 2022-2024",Academic Probation,,58,text,"Probationary status cannot be cleared in a term in which students seek permission and are allowed to withdraw to an underload. In such cases, the probationary status continues through the next fall or spring term of enrollment. Students who clear their probationary status by earning a C average in the term but also earn grades that would result in academic probation as described above will continue their probationary status through the next term of enrollment. Students on probation, whether in a normal load or an underload, are required to earn grades of C, CR, or better in each course, or achieve a C average in that term. Students whose probationary status continues to a second term for reason of an underload must adhere to the conditions and standards previously outlined for clearing probation. Failure to do so will result in academic suspension.",142
p0249,Part 6: Academic Procedures and Information,"Academic Warning, Probation, and Suspension for Students in the Classes of 2022-2024",Academic Suspension,,58,text,"Students on academic probation must clear their probationary status as described above (see section on Academic Probation) in order to continue at Duke Kunshan University. For the purposes of clearing academic probation, incomplete work in any course is considered a failure to achieve satisfactory performance in that course. Therefore, where term continuation is in question, incomplete work in any course must be completed with a satisfactory grade sufficient to clear the probationary status in time for final grades to be submitted to the Office of the University Registrar no later than the weekday preceding the first day of classes of the subsequent fall or spring term.",106
p0250,Part 6: Academic Procedures and Information,"Academic Warning, Probation, and Suspension for Students in the Classes of 2022-2024",Academic Suspension,,58,text,"Students who fail to meet the minimum requirements to clear their probationary status are subject to academic suspension for a period of at least two terms (excluding summer term). Those desiring to return after the suspension period may apply for Return to the University. Such students are placed on academic probation if reinstated. Please contact the Office of Undergraduate Studies for more information. Deadlines for filing this application are 5:00 p.m. China time May 1 for return in the subsequent Fall Term and October 15 for return in the subsequent Spring Term. If after return the student fails again to meet the minimum academic requirements and is suspended a second time, the student will be ineligible to enroll again in the future.",122
p0251,Part 6: Academic Procedures and Information,"Academic Warning, Probation, and Suspension for Students in the Classes of 2022-2024",Academic Suspension,,59,text,"Though rarely granted, a student suspended for failure to clear their probationary status may appeal for immediate reinstatement. Students should contact the Director for Academic Advising or designee, and adhere to deadlines stated in their suspension letter.",37
p0253,Part 6: Academic Procedures and Information,"Academic Warning, Probation, and Suspension for Students in the Class of 2025 and Beyond",,,59,text,"In determining whether a student should be placed on academic warning, a grade of NC earned in a course, whether that course is offered only on the CR/NC basis or the student elects to take it on the CR/NC basis, is considered equivalent to a grade of F. (See also the section on CR/NC Grading system).",56
p0254,Part 6: Academic Procedures and Information,"Academic Warning, Probation, and Suspension for Students in the Class of 2025 and Beyond",,,59,text,"For purposes of determining academic standing, incomplete work in a course indicated by a grade of I is considered equivalent to a grade of F until the I is resolved. (See section on Incomplete Coursework.) Grades in PE courses are not considered in determining academic warning, probation, or suspension.",49
p0257,Part 6: Academic Procedures and Information,"Academic Warning, Probation, and Suspension for Students in the Class of 2025 and Beyond",Academic Probation,,59,text,"At the end of each fall and spring term, a student must have both a term and a cumulative grade point average of at least 2.000. Failure to meet either of the two following standards will result in academic probation for the following fall or spring term: 1. Term grade-point average below 2.000 for any fall or spring term 2. Cumulative grade-point average falls below 2.000 at the end of any fall or spring term",75
p0258,Part 6: Academic Procedures and Information,"Academic Warning, Probation, and Suspension for Students in the Class of 2025 and Beyond",Academic Probation,,60,text,"In a case where probation may be in question because of an incomplete grade, the student will be notified by the Office of the Registrar of the need to have the incomplete replaced by a satisfactory grade in order to avoid academic probation. That is, the satisfactory final grade must be sufficient to raise both the term and the cumulative grade-point averages to or above 2.000.",66
p0259,Part 6: Academic Procedures and Information,"Academic Warning, Probation, and Suspension for Students in the Class of 2025 and Beyond",Academic Probation,,60,text,"The probation status will be reflected on those academic records used for internal purposes only. Students placed on academic probation must acknowledge their probationary status in writing to the Office of Undergraduate Studies in order to continue at the University. They are also required to meet with the Director for Academic Advising or designee and are expected to seek assistance from campus resources, have their course selection approved by their advisors and meet periodically with a designated academic coach. They may not study away during the probation period. Students are expected to clear their probationary status during the term of probation. In order to do so, they must enroll in 16 credits (plus up to one PE credit), of which no more than 4 credits may be taken on a Credit/No Credit basis, and achieve term and cumulative grade-point averages of at least 2.000.",144
p0260,Part 6: Academic Procedures and Information,"Academic Warning, Probation, and Suspension for Students in the Class of 2025 and Beyond",Academic Probation,,60,text,"Probationary status cannot be cleared in a term in which students seek permission and are allowed to withdraw to an underload. In such cases, the probationary status continues through the next fall or spring term of enrollment. Students on probation, whether in a normal load or an underload, are required to achieve the minimum term and cumulative grade-point averages of at least 2.000. Students whose probationary status continues to a second term for reason of an underload must adhere to the conditions and standards previously outlined for clearing probation. Failure to do so will result in academic suspension.",98
p0264,Part 6: Academic Procedures and Information,Changes in Status,Voluntary Withdrawal,,61,text,"Students who wish to withdraw from the university must give official notification to the Office of Undergraduate Studies. Notification must be received prior to the beginning of classes in any term, or tuition and housing fee will be refunded only partially (See section on Refund in Part 5). For students withdrawing on their own initiative after the beginning of classes and up to the first day of the last two weeks of 7-week classes or of the last four weeks of 14-week classes in the fall or spring terms, a W is assigned in lieu of a regular grade for each course. After these dates, an F grade is recorded unless withdrawal is caused by an emergency beyond the control of the student, in which case a W is assigned by the University Registrar. Alternatively, students withdrawing for medical reasons during this period will have the option, upon obtaining the appropriate approvals from the instructor, to choose to receive the grade of I in one or more courses instead of the W grade.",173
p0265,Part 6: Academic Procedures and Information,Changes in Status,Voluntary Withdrawal,,61,text,The student may then complete the course as described in the section on Incomplete Coursework.,15
p0266,Part 6: Academic Procedures and Information,Changes in Status,Voluntary Withdrawal,,61,text,Withdrawals from the university during a term or session will not be approved after the last day of classes. This also applies to courses offered in Summer terms. Students who withdraw from the University may have to apply through the Admissions Office if they wish to return. Students who intend to return to Duke Kunshan University are advised to take a Leave of Absence if possible.,66
p0267,Part 6: Academic Procedures and Information,Changes in Status,Involuntary Withdrawal,,61,text,"Students may be involuntarily withdrawn for academic reasons or disciplinary reasons, as well as administratively. Refunding will follow that of voluntary withdrawal except under circumstances where students are withdrawn for disciplinary reasons. For students who are withdrawn for disciplinary reasons, no tuition or housing fee will be refunded. Students' withdrawal will be noted accordingly on the official academic record. Students who are involuntarily withdrawn are ineligible to undertake any coursework scheduled at Duke Kunshan University and may not enroll again in the future.",83
p0268,Part 6: Academic Procedures and Information,Changes in Status,Leave of Absence,,61,text,"Students who wish to take time away from their studies but intend to return to Duke Kunshan University are advised to take a Leave of Absence if possible. Most leaves of absence are granted for two reasons: personal or medical. After finishing the first term of the first year, students in good standing may request a personal leave of absence for one or two terms by completing a leave of absence request form and submitting it to the Office of Undergraduate Studies prior to the first day of classes of the term in which the leave is granted. A personal leave of absence starts after one term ends and before the next term begins. A personal leave of absence is not granted for a term in which classes have begun, except in extreme cases such as family death or recent diagnosis of terminal illness.",144
p0269,Part 6: Academic Procedures and Information,Changes in Status,Leave of Absence,,62,text,"A medical leave of absence with proper documentation may be granted at any time but with one restriction. Students requesting a medical leave of absence during a current term must file the leave of absence forms with the Office of Undergraduate Studies prior to the end of the last day of classes of that term. Students who request a medical leave of absence for a current term and submit their leave request prior to the last day of classes will be assigned W in lieu of a regular grade for each course. Students taking a medical leave of absence during the final four weeks of classes for 14week long courses and the final two weeks of classes for 7-week long courses will have the option, upon obtaining the appropriate approvals from the instructor, to choose to receive the grade of I in one or more courses instead of the W grade. The student may then complete the course as described in the section on Incomplete Coursework.",166
p0270,Part 6: Academic Procedures and Information,Changes in Status,Leave of Absence,,62,text,"In most cases, students electing to take a medical leave of absence will be expected to remain on medical leave of absence through the following fall or spring term. Refunding will follow that of voluntary withdrawal.",36
p0271,Part 6: Academic Procedures and Information,Changes in Status,Leave of Absence,,62,text,"A medical leave of absence will not be retroactively granted for a term for which the last day of classes has already occurred. Students returning from a medical leave of absence, at the discretion of university officials, may not be allowed to participate in university programs such as, but not limited to, study abroad for the term immediately following their return to active status.",64
p0272,Part 6: Academic Procedures and Information,Changes in Status,Leave of Absence,,62,text,"Students called to military service can request a leave of absence as early as the first term in the first year. If the leave of absence starts from the first term in their freshmen year, students should first complete all the new student registration procedures before applying for a leave of absence.",52
p0273,Part 6: Academic Procedures and Information,Changes in Status,Leave of Absence,,62,text,"A student may receive transfer credit for no more than two courses, up to a maximum of 8 credits, taken at another accredited four-year institution in the US or similarly accredited institution abroad and with a liberal arts and general education curriculum while on leave of absence for personal or medical reasons.",52
p0274,Part 6: Academic Procedures and Information,Changes in Status,Leave of Absence,,62,text,"Return from any type of leave of absence, including suspension or an involuntary leave of absence, is contingent upon approval of a Return from Leave of Absence application. The deadlines to file such applications, including all supporting materials, are 5:00 p.m. May 1 (BJT) for Fall Term and 5:00 p.m. October 15 (BJT) for Spring Term. Late or incomplete applications will not be accepted. The University reserves the right to request necessary documentation and have conversations with appropriate parties, determined on a case-by-case basis, to confirm that the student is qualified and/or ready for return. Registration information will be provided by the university registrar to all students who are approved to return from a leave of absence. All returning students must register prior to the first day of classes for the term of intended enrollment.",135
p0275,Part 6: Academic Procedures and Information,Changes in Status,Leave of Absence,,62,text,"Students who are scheduled to return from leave of absence who fail to apply to return from leave of absence, extend their leave of absence, voluntarily withdraw from the university, or register for courses by the end of drop/add of the term they are expected back will be administratively withdrawn from the university and must apply for readmission if they wish to return.",63
p0276,Part 6: Academic Procedures and Information,Changes in Status,Leave of Absence,,62,text,Students who undertake independent study under Duke Kunshan University supervision and for Duke Kunshan University credit are not on leave of absence even if studying elsewhere.,26
p0277,Part 6: Academic Procedures and Information,Changes in Status,Full-time and Part-time Degree Status,,63,text,"Candidates for degrees must enroll in a normal course load (i.e., at least 16 credits) each term unless they are eligible and have received permission from their academic advisor and the Dean of Undergraduate Studies or designee to be enrolled in fewer than 16 credits. Students who intend to change from full-time to part-time status must request permission from the Office of Undergraduate Studies. Except for extraordinary circumstances, such permission is given only to students for the final term of their senior year. Students must register their intention to be part-time prior to the first day of class of the term in which the part-time status is requested. Part-time students may register for no less than 4 credits and no more than 11 credits. Part-time students may be denied university housing. (See section on Progress toward Degree.)",137
p0278,Part 6: Academic Procedures and Information,Changes in Status,Undergraduate Status,,63,text,"An undergraduate student admitted to Duke Kunshan University Undergraduate degree programs officially becomes a Duke Kunshan University undergraduate student at the point of matriculation and is accorded all the rights, privileges, and responsibilities of a Duke Kunshan University student at that time. When an undergraduate has completed all of the requirements of the bachelor’s degree and is no longer enrolled in coursework toward the degree, the student ceases to be a Duke Kunshan University undergraduate student in the strict sense of the word.",83
p0279,Part 6: Academic Procedures and Information,Academic Recognition and Honors,,,63,text,"In determining a student’s eligibility for academic recognition and honors, only grades earned in Duke Kunshan University courses and Duke University courses are considered.",24
p0280,Part 6: Academic Procedures and Information,Academic Recognition and Honors,Dean's List,,63,text,"Dean’s List accords recognition to academic excellence achieved during each term. To be eligible for this honor, undergraduates must earn a grade point average for a term that places them in the highest third of undergraduates in their class year and in addition must (1) complete at least 16 credits for a regularly assigned grade (i.e., no Credit/No Credit courses); and (2) receive no incomplete or failing (F, NC) grades (including PE courses). Undergraduates who in addition earn term grade point averages that place them in the highest ten percent of undergraduates in their class year will receive the Dean’s List with Distinction honor, while the remainder of those placing in the highest one third will receive the Dean’s List honor as noted above.",124
p0281,Part 6: Academic Procedures and Information,Academic Recognition and Honors,Graduation with Distinction,,63,text,"Graduation with Distinction accords recognition to up to 5% of students in each graduating class who achieve excellence in their signature work products and meet other academic criteria as determined by the faculty. Students may be nominated for consideration by their signature work mentor. Each nominated student’s overall achievement in the major, including the signature work, is assessed by a faculty committee, which is responsible for awarding distinction. Graduation with Distinction is separate and distinct from Latin Honors (see below).",80
p0282,Part 6: Academic Procedures and Information,Academic Recognition and Honors,Latin Honors,,64,text,"Latin Honors by Overall Academic Achievement accords recognition for academic excellence achieved over the duration of an entire undergraduate career. Unlike the Dean’s List honor, which recognizes academic excellence achieved over the short term (one term), eligibility for the three categories of Latin Honors (summa cum laude, magna cum laude, and cum laude) is based on the cumulative grade point average for all work at Duke Kunshan University. Recipients are determined by the following procedure: The grade point average included within the highest five percent of the graduating class is used to specify the grade point average needed by those students of the current graduating class to be awarded the summa cum laude honor. The grade point average included within the next highest ten percent of the graduating class is used to determine the grade point average needed by those students who will graduate with the magna cum laude honor. Finally, the grade point average included within the next ten percent of the graduating class will be used to determine those students eligible for graduating with the cum laude honor.",180
p0283,Part 6: Academic Procedures and Information,Academic Recognition and Honors,Latin Honors,,64,text,"Thus, about 25 percent of each graduating class will receive Latin Honors.",12
p0284,Part 6: Academic Procedures and Information,Notification of Intention to Graduate,,,64,text,"The Diploma Form submitted by students is official notification that they expect to have completed all requirements for the degree and to receive the diploma on a particular graduation date. They will be confirmed for that specific graduation if basic requirements, i.e., general education, one major, number of credits earned through courses taught or co-taught by Duke faculty, and any additional requirements for students from the Chinese mainland, Hong Kong, Macau and Taiwan have been completed. It is the responsibility of students to submit the form on or before established deadlines. Information regarding the location and date of availability of the online diploma form is sent to prospective graduates at their Duke Kunshan University e-mail address.",116
p0285,Part 6: Academic Procedures and Information,Graduation and Commencement,,,64,text,Commencement exercises are held once a year in May when degrees are conferred upon and diplomas are issued to those who have completed degree requirements by the end of the spring term. Students who complete requirements by the end of the summer term or by the end of the fall term receive diplomas in May of the following academic year. Students who are within 20 credits of graduation at the end of the spring term may request to participate in the annual commencement exercises.,84
p0286,Part 6: Academic Procedures and Information,Education Records,,,64,text,"Duke Kunshan University adheres to a policy permitting students access to their education records, health record and their confidential financial information while at Duke Kunshan University.",26
p0287,Part 6: Academic Procedures and Information,Education Records,,,65,text,"Students may request to review any information that is contained in their Duke Kunshan University education, health and financial records and may, using appropriate procedures, challenge the content of these records. An explanation of the complete policy on education records may be obtained from the Office of the Registrar.",49
p0288,Part 6: Academic Procedures and Information,Education Records,,,65,text,"No information, except directory information (see below) contained in any student records is released to unauthorized persons outside the university or to unauthorized persons on the campus, without the written consent of the student. It is the responsibility of the student to provide the University’s registrar and other university offices, as appropriate, with the necessary specific authorization and consent.",59
p0289,Part 6: Academic Procedures and Information,Education Records,,,65,text,"Directory information includes name, addresses, Duke Kunshan University student ID, e-mail addresses, telephone listing, photograph, major field of study, participation in officially recognized activities and sports, weight and height of members of athletic teams, dates of attendance, degrees and awards received, and most recent previous educational institution attended. This information, except addresses and telephone listing, may be released to appear in public documents and may otherwise be disclosed without student consent unless a written request not to release this information is filed in the Office of the Registrar.",88
p0290,Part 6: Academic Procedures and Information,The Provision of Academic Information to Parents and Guardians,,,65,text,It is primarily the responsibility of students to keep parents and guardians informed of their academic standing and progress as well as any difficulties that may affect their performance. The University’s registrar does not release end of term or midterm grade information to parents and guardians without students’ written permission. Parents and guardians may be alerted to emergency and extraordinary situations that may impinge upon a student's well-being.,68
p0291,Part 6: Academic Procedures and Information,Procedure for Resolution of Students' Academic Concerns,,,65,text,"Duke Kunshan University (DKU) is committed to providing a learning environment in which concerns related to academic matters (issues pertaining to a course, academic instruction or other activities that receive academic credit) are resolved promptly and with support to all parties. Because DKU is committed to its students and the implementation of consistent and nondiscriminatory academic policies and processes, the university has created procedures for resolving academic complaints. This policy refers to academic complaints that are not related to grading. Grade complaints are covered by the separate Undergraduate Student Grade Appeal Resolution Process.",93
p0292,Part 6: Academic Procedures and Information,Procedure for Resolution of Students' Academic Concerns,,,65,text,"Students are encouraged to resolve academic complaints informally directly with the course instructor(s) or appropriate staff member (e.g., tutors, teaching assistants, advisors, etc.) involved in the matter. If the complaint is not resolved between the student and the course instructor(s)/appropriate staff member, or if the student is uncomfortable about approaching the instructor(s)/staff member, he or she can attempt to resolve the complaint with the Division Chair, or the Director of the Language and Culture Center for language related courses, or the Director of Academic Advising for complaints regarding tutoring or advising staff.",92
p0293,Part 6: Academic Procedures and Information,Procedure for Resolution of Students' Academic Concerns,,,66,text,"If the student is dissatisfied with the informal resolution outcome, the student may choose to file a formal complaint with the Dean of Undergraduate Studies. The Dean of Undergraduate Studies will consider complaints based on an alleged violation of an academic rule, policy, or established practice. If the student is dissatisfied with the outcome of the formal resolution process, the student may choose to file an appeal with the Vice Chancellor for Academic Affairs. The Vice Chancellor for Academic Affairs makes the final decision regarding appeal outcomes.",87
p0294,Part 6: Academic Procedures and Information,Procedure for Resolution of Students' Academic Concerns,,,66,text,"Students have the right to make any informal or formal complaint they deem important without fear of retaliation or any other adverse consequences because of doing so. If a student has questions or concerns about the policies and procedures related to the academic complaint resolution process, the student may consult their academic advisor or the Office of Undergraduate Studies at any point during the process or before initiating a formal or informal complaint.",73
p0295,Part 6: Academic Procedures and Information,Procedure for Resolution of Students' Academic Concerns,,,66,text,Issues related to academic integrity will be resolved according to the Undergraduate Academic Integrity Policy8. Issues related to non-academic behaviors as described in the student handbook will be resolved according to the student complaint and conduct processes 9. Issues related to harassment and discrimination will be resolved according to the Sexual Harassment and Misconduct Policy10. Issues related to grading will be resolved according to the Undergraduate Student Grade Review Procedure.,70
p0296,Part 6: Academic Procedures and Information,Grade Review Procedure,,,66,text,"Faculty are expected to maintain fair and consistent grading standards. With the exception of “I” grades, changes in end-of-term grades may be made by the instructor only because of an error in calculation or an error in transcription. Changes in grades may not be based on the late submission of required work, the resubmission of work previously judged unsatisfactory, or on additional work.",63
p0297,Part 6: Academic Procedures and Information,Grade Review Procedure,,,66,text,"A student who questions a final grade received in a course should first discuss the matter with the instructor(s) within thirty days of the grade being released. After meeting with the instructor(s), if the student still believes the instructor(s) has assigned an inaccurate or unjustified grade, the student may make a formal complaint to the appropriate Division Chair, or to the Director of the Language and Culture Center for language related courses. The formal complaint must be submitted prior to the first day of classes for the term immediately following the recording of the grade. Formal grade complaints will only be considered in cases in which there was an error in the original grade report.",115
p0298,Part 6: Academic Procedures and Information,Grade Review Procedure,,,66,text,The Division Chair will review the case with the Instructor(s) involved. The review will focus on whether the grade assigned by the instructor was arrived at in accordance with the course grading policy as articulated in the syllabus and/or as discussed with the students in class and calculated in the same way that the grades other students received in the course were calculated. Generally,64
p0299,Part 6: Academic Procedures and Information,Grade Review Procedure,,,66,text,"8 Refer to Duke Kunshan University Academic Policies, Approved by the Faculty August 29, 2018",15
p0300,Part 6: Academic Procedures and Information,Grade Review Procedure,,,66,text,9 Refer to Duke Kunshan University Student Handbook,8
p0301,Part 6: Academic Procedures and Information,Grade Review Procedure,,,66,text,"10 Refer to the Bulletin of Duke Kunshan University Undergraduate Instruction, Part 1, or the Student Handbook speaking the review will not focus on how individual pieces of work in a course were graded, as it is the responsibility solely of the instructor to evaluate the quality of students' work within the context of his/her course.",56
p0302,Part 6: Academic Procedures and Information,Grade Review Procedure,,,67,text,"If the Division Chair agrees with the Instructor(s) that there are no legitimate grounds on which to change the grade, the grade stands as recorded. If the Division Chair believes there are grounds to consider a change and the Instructor(s) is unwilling to change the grade, the Division Chair will notify the student that he or she may request a review of the case in writing to the Dean of Undergraduate Studies. A written request must be submitted before the end of the Drop/Add period of the term following that in which the Instructor(s) recorded the grade.",97
p0303,Part 6: Academic Procedures and Information,Grade Review Procedure,,,67,text,"The Dean will review the case and decide whether there are grounds to convene a faculty committee to review the grade. If the Dean decides there are no grounds, then the grade is not changed. If the Dean decides that there are grounds to proceed, the case will be referred to a committee consisting of the faculty members of the Undergraduate Academic Review Board. This committee will then evaluate and review the case, and the Dean may initiate a grade change if that is the recommendation of the committee. The decision of the committee is final.",96
p0304,Part 6: Academic Procedures and Information,Exclusion of Disruptive Students from a Course,,,67,text,"The successful conduct of a course depends upon a spirit of mutual respect and cooperation among its participants. If a student disrupts a class in such a way that it seriously compromises the educational experience of the course for other students and/or prevents the instructor from accomplishing the goals of the course as outlined in the syllabus, the instructor may require the student to leave the class meeting.",68
p0305,Part 6: Academic Procedures and Information,Exclusion of Disruptive Students from a Course,,,67,text,"The instructor and the student are then expected to meet to discuss and prepare in writing the conditions under which the student may return to the course. If the disruptive behavior continues, the instructor may report the matter to the Office of Undergraduate Studies for further resolution.",47
p0306,Part 6: Academic Procedures and Information,Compliance with Academic Regulations,,,67,text,"Under no circumstances may students ignore official rules and requirements, as this is a breach of the Duke Kunshan University Community Standard. Students who ignore official rules and requirements will at the least have their registration for the next academic term blocked by the Dean of Undergraduate Studies until after the close of the last window of that registration period. They could also be subject to involuntary withdrawal for a period of two terms and/or other possible disciplinary action.",79
p0307,Part 6: Academic Procedures and Information,Religious Holidays,,,67,text,"In recognition that observances of religious holidays may affect classroom attendance and the submission of graded work, members of the various religious affiliations should inform their instructors of major religious holidays that occur when classes are being held at or before the beginning of each term. In the event of a conflict, students wishing to observe a specific religious holiday should request that their instructors arrange for a postponement or makeup of work. Duke Kunshan University encourages all faculty to make reasonable accommodations necessary for students’ religious observances. If an instructor is unable or unwilling to grant the request, students should consult the Office of Undergraduate Studies.",107
p0308,Part 7: Academic Advising and Support,,,,69,text,"The Office of Undergraduate Advising is committed to providing a student-centered advising experience that promotes holistic learning and understanding of the integrated and interdisciplinary curriculum and prepares the next generation of scholars and leaders. Further, academic advising provides undergraduates with academic strategies that reinforce a researchoriented liberal arts and sciences education that is inclusive of how students learn and develop in pursuit of their academic and career endeavors. The Office of Undergraduate Advising consists of Academic Advising and the Academic Resource Center.",82
p0309,Part 7: Academic Advising and Support,Academic Advising,,,69,text,"Academic advising is salient to undergraduate education at Duke Kunshan University. The goal of all academic advising is to provide a network of support across the university that is studentcentered and responsive to the needs of students. Advisors provide insight on how to navigate the college experience by teaching students about the undergraduate curriculum and co-curricular opportunities. This process includes teaching students how each course contributes to their knowledge and innovative thinking. Additionally, advisors nurture students’ practical skills related to decision-making and help students learn to take responsibility for developing meaningful educational plans compatible with their academic potential, career, and life goals.",102
p0310,Part 7: Academic Advising and Support,Academic Advising,,,69,text,"Advising is more than the imparting of specialized information; it includes helping students explore and discover the role of education in society and teaching students the skills for active learning and perseverance to reach long-term goals. Through advising, students will learn to formulate important questions about the nature and direction of their undergraduate career. Advisors will confer with students about course schedules and educational experiences, but students themselves are responsible for their academic program, social activities, and for making progress toward an academic degree. Students’ advising needs change as they progress through their academic programs, requiring a dynamic advising partnership that pulls expertise and guidance from across campus faculty and administrators.",111
p0311,Part 7: Academic Advising and Support,Academic Advising,,,69,text,"The Director for Academic Advising oversees the academic advising team, who understand the terrain of broad areas such as arts and humanities, global and civic opportunities, and natural and quantitative sciences; and collaborates with pre-professional advisors with expertise in areas such as health, entrepreneurship, law and business. This network of advisors ensures that students have varied sources of information and build close relationships with campus faculty and staff who can provide guidance about future plans and act as references. Additionally, designated faculty serve as major coordinators who ensure information related to specific majors are shared broadly throughout the advising community.",100
p0312,Part 7: Academic Advising and Support,Academic Advising,,,69,text,"At Duke Kunshan University, advisors are key to understanding the nature of the academic programs and how they can address student interests, goals and purposes. They advise students on navigating both academic and social life, and help students determine appropriate learning strategies, including tutoring. They advise students in the selection of courses, majors, signature pathways, and experiential activities. Professional advisors and Academic Success Tutors work in concert with faculty advisors to maintain up-to-date information on university requirements, academic policies, procedures, and deadlines; they also provide guidance for students who desire to enhance their learning through tutoring and academic skill building programs and workshops.",103
p0313,Part 7: Academic Advising and Support,Academic Resource Center,,,70,text,"The Academic Resource Center (ARC) is a learning center with the ultimate goal of helping students to become independent learners. The ARC offers tutoring support, Academic Success Program, Academic Coaching and special events, such as First Friday and Exam Jam.",40
p0314,Part 7: Academic Advising and Support,Academic Resource Center,,,70,text,"Tutorial support is supplemental to course instruction. Academic Success Tutors, our full-time learning professionals, attend selected courses across the curriculum and work in collaboration with instructors to discern how to best facilitate student learning and development. Students also receive group and one-on-one support from our Peer Tutors, undergraduate students who have successfully completed applicable courses. Peer tutoring is an excellent way to hone skills and strategies in a friendly and supportive community. All tutors receive internationally certified training by the College Reading and Learning Association. The Academic Success Program provides incoming students with information and skills they need to transition to college-level coursework and achieve academic success. The program consists of a series of workshops on motivation, time management, study skills, and academic stress management. In this program, students will participate in structured training to learn campus resources and practical skills to navigate their first year of college. Students who fulfill all the requirements of the program will receive the Academic Success Certificate.",163
p0315,Part 7: Academic Advising and Support,Academic Resource Center,,,70,text,"Academic Success Coaching is offered as a series of one-on-one sessions to help guide students through examining academic concerns and perceived barriers to success. Professionals in the ARC help students discover personal academic success strategies on learning preferences, study skills, time management, motivation, etc. through coaching. Students work on various learning strategies so that they can improve their academic performance and enhance the overall quality of their college experience.",69
p0316,Part 7: Academic Advising and Support,Academic Resource Center,,,70,text,"Other support offices such as Counseling and Psychological Services (CAPS), Student Health Services, Student Accessibility Office, the Writing and Language Studio, the Office of Global Education, and the Office of Career Services can help students identify academic strategies and refine their interests and goals. Students should refer to selected majors for specific curriculum requirements required for degree completion.",58
p0317,Part 7: Academic Advising and Support,Seven Principles of Duke Kunshan University Academic Advising,,,70,text,"Academic advising cultivates academic citizens who are knowledgeable about how their curricular and career interests influence their local, national, and international communities (Rooted Globalism). • Academic advising is a collaborative experience between Advisor and Advisee that teaches problem solving skills to successfully navigate college and life circumstances (Collaborative Problem Solving). Academic advising leverages curricular teachings with practical experience to assist with critical thinking and career readiness (Research and Practice). • Academic advising promotes effective discourse between Advisee and Advisor that nurtures good decision-making practices (Lucid Communication). • Academic advising is an environment where Advisees are responsible for charting their academic, social, and career pathways through inquiry, reflection, personal choice and consultation with Advisors (Independence and Creativity). • Academic advising teaches ethical principles that promote holistic student development, authentic academic workmanship, innovative thinking, and research (Wise Leadership). • Academic advising teaches and encourages Advisees to grow, discover, and enhance academic grit to persevere through academic and life challenges (A Purposeful Life).",160
p0318,"Part 8: Career Services, Study Away, and Research Opportunities",Career Services,,,72,text,The Career Services Office at Duke Kunshan University is committed to assisting graduate and undergraduate students as well as alumni with discovering and refining their career pathways and ultimately realizing their future career goals.,34
p0319,"Part 8: Career Services, Study Away, and Research Opportunities",Career Services,,,72,text,"The Office will provide both guidance and resources to students and alumni that will help them to explore different job and career opportunities as well as help them to gain important skills, knowledge, and experience in order to be competitive and successful in achieving their long-term career goals. The Career Services Office encourages students to make the most of their Duke Kunshan University experience by accessing relevant campus resources, developing career interests and values, and establishing and maintaining relationships with their peers as well as faculty, staff and alumni.",89
p0320,"Part 8: Career Services, Study Away, and Research Opportunities",Career Services,,,72,text,"The Office also provides Career Development Mentorship Program which is designed to help Duke Kunshan University Undergraduate students from year three onward, improve career skills and knowledge by connecting students with alumni or a professional across a variety of fields. This opportunity is optional to students. Mentors are encouraged to interact with their students on three separate occasions (or more) per academic term. Interactions may occur in-person or remotely.",69
p0321,"Part 8: Career Services, Study Away, and Research Opportunities",Career Services,,,72,text,"The Career Services Office will also follow the seven principles of Duke Kunshan University when creating programs and providing services. The services and support will be done with the aid of a network that engages offices such as Academic Advising and Student Affairs, students, faculty, staff, alumni, external partners and other stakeholders to support students’ career development needs.",58
p0322,"Part 8: Career Services, Study Away, and Research Opportunities",Career Services,,,72,text,"Key services that the Career Services Office offers include: Resources & Tools: including online platform, assessment tools, online and offline resources for information research, and other career development tools to help students with goal identification and career path planning. • Coaching & Advising: career development coaching (one-on-one coaching appointments with career coaches) and graduate school advising (group sessions and one-on-one meeting with coaches and advisors). • Workshops and Events: including skill workshops, specialized seminars and conferences, guest speakers, case competitions, internship fairs and on campus recruitment events etc. • Specialized Career Programs: including engagement programs with corporate partners, engagement programs with alumni, and development programs with other external partners such as government and research institutions. • Opportunities Development: the Career Services Office works to build and maintain relationships with alumni and employers who can provide internships, learning opportunities, and full-time opportunities. • Internship Facilitation & Processing: works with student mobility, keeps all records of foreign student internships in China on record, advises on legal requirements, keeps up-to-date on relevant changes and opportunities.",172
p0323,"Part 8: Career Services, Study Away, and Research Opportunities",Career Services,,,72,text,"Summer and short-term internship opportunities are collected and shared with students, and individual consultation allows for focused guidance on how to secure summer internships. • Handling Student Work Program: including review position openings and hiring, managing time sheets, processing student workers’ monthly stipend, reporting tax to government, and providing training for both hiring departments and student workers.",57
p0324,"Part 8: Career Services, Study Away, and Research Opportunities",Student Research Opportunities,,,73,text,"Research experience is an important component of the Duke Kunshan University undergraduate program. Students can do research with Duke Kunshan faculty for credit during the academic year. In limited cases, research for pay is an option. Depending on a student’s particular interests, research may also play a role in their signature work project. In addition, the University Summer Research Scholars (SRS) program supports students participating in collaborative research supervised by Duke Kunshan or Duke faculty over the summer. Students interested in either summer or academic year research are encouraged to discuss their interests directly with faculty whose research areas align.",100
p0325,"Part 8: Career Services, Study Away, and Research Opportunities",Student Research Opportunities,,,73,text,"In addition to research centers and research programs at Duke Kunshan University and research experience during a student’s study abroad period at Duke or elsewhere, research institutions outside of Duke Kunshan University, including international corporations, organizations, and NGOs in Kunshan, Suzhou and Shanghai areas, further enhance research and internship opportunities for Duke Kunshan University students. Career Services and individual faculty can help students identify off-campus opportunities.",66
p0326,"Part 8: Career Services, Study Away, and Research Opportunities",Office of Global Education and Study Away,,,73,text,Students who are in good standing at Duke Kunshan University will have the opportunity to attend a study away program for one academic term in their junior year and/or summer terms. The Office of Global Education is responsible for vetting and approving all academic study programs undertaken for credit abroad or off campus. The Office also facilitates the course credit transfer request process for students studying in such programs.,69
p0327,"Part 8: Career Services, Study Away, and Research Opportunities",Office of Global Education and Study Away,,,73,text,"Students must apply and receive approval to participate in any credit-bearing study away opportunities through the Office of Global Education. Approved programs (either on DKU’s preapproved program list, or approved by individual petition) will be eligible for credit transfer back to DKU. All students who plan to study away must apply through DKU, receive approval to participate, and sign the DKU Participation Agreement before committing or accepting enrollment in any credit-bearing program.",72
p0328,"Part 8: Career Services, Study Away, and Research Opportunities",Office of Global Education and Study Away,,,73,text,"Students may study away and transfer credits for one academic term in their junior year, as well as during summers. The application process for term study away programs starts in the fall term of the sophomore year, but planning for study away should start in first-year academic planning. Students must be in good academic, conduct, and financial standing in order to study away. Students placed on academic or conduct probation that will be in effect during their planned term away are not eligible to study away. Students accepted into study away programs who are then placed on academic or conduct probation may be liable for the program costs, even if they withdraw from the program. Students should refer to the ""DKU Global Education Sakai Site"" for complete eligibility requirements. Students who do not meet the eligibility requirements may not study away. All students who study away must sign the appropriate legal documents before departure.",154
p0329,"Part 8: Career Services, Study Away, and Research Opportunities",Office of Global Education and Study Away,,,74,text,Students may not apply for study away while on Leave of Absence or academic suspension. Students should contact the Office of Global Education upon return to campus. Students may not take summer courses that conflict with Military Training and/or the summer Chinese Society and Culture courses.,46
p0330,"Part 8: Career Services, Study Away, and Research Opportunities",Office of Global Education and Study Away,,,74,text,"DKU maintains a rich network of opportunities for global learning. Programs around the world include the option of studying at Duke University and a wide variety of international exchanges, university direct enrollment programs, and provider-based programs. Regardless of the program type or location, students must first start their search and application process with the DKU Office of Global Education. Students should refer to the Office of Global Education website for the most up-to-date information on advising for global learning experiences, preapproved program lists, application processes, and credit-transfer processes.",88
p0331,"Part 8: Career Services, Study Away, and Research Opportunities",Office of Global Education and Study Away,,,74,text,"Eligible students will have the opportunity to attend Duke University in Durham, North Carolina, in either the fall or spring term of their junior year. The Office of Global Education will take into account individual timing (fall/spring term) preferences. However, students may not be admitted to preferred terms due to capacity limitations. Students will also have the option to attend Duke Summer Session. Normally, students would be encouraged to take the summer session either immediately before or after their junior-year term assignment.",82
p0332,"Part 8: Career Services, Study Away, and Research Opportunities",Office of Global Education and Study Away,,,74,text,"Students will be able to choose from a wide range of course options at Duke. They will also have access to extraand co-curricular activities and clubs, as well as other student services on campus. While at Duke, students must abide by Duke's policies and procedures. Please see the Duke University website (https://dukekunshanprograms.duke.edu/welcome) for more details. Students interested in programs or events offered by departments or academic divisions at Duke University, including but not limited to Duke Immerse, Duke BASS Connection, or summer research programs, should consult with both the DKU Office of Global Education and Duke Office of DKU Relations (dkurelations@duke.edu) before applying.",103
p0333,"Part 8: Career Services, Study Away, and Research Opportunities",Office of Global Education and Study Away,,,74,text,Students who are interested in marine biology or oceanography may also have the opportunity to study at the Duke Marine Lab for fall term and/or a six-week summer term II before the junior fall term.,35
p0334,"Part 8: Career Services, Study Away, and Research Opportunities",Office of Global Education and Study Away,,,74,text,"Students studying at Duke University during the term will pay the same tuition they would have paid for a term at DKU, with the same merit scholarship and/or financial aid. Students will be required to cover all other costs, including housing, board, insurance, travel, and living expenses.",47
p0335,"Part 8: Career Services, Study Away, and Research Opportunities",Office of Global Education and Study Away,,,75,text,"It should be noted that such costs are higher than at Duke Kunshan. Currently, the total cost for one regular term at Duke (including housing, dining plan, insurance, and student fees) is estimated at USD $13,500; this does not include visa and travel expenses.",44
p0336,"Part 8: Career Services, Study Away, and Research Opportunities",Office of Global Education and Study Away,,,75,text,"Students are responsible for the full costs of all summer programs, including those at Duke; DKU merit scholarships and/or financial aid cannot be used to cover the cost of summer programs. The cost of a summer term at Duke including tuition is currently calculated to be approximately USD $9,500 for international students and RMB 63,000 for Chinese students (students who choose courses with science labs will pay approximately USD $1,000 more for one science course).",75
p0337,"Part 8: Career Services, Study Away, and Research Opportunities",Office of Global Education and Study Away,,,75,text,Detailed cost breakdowns for study at Duke are available in the Sakai Site. Note: US Federal Financial Aid cannot be applied towards costs at Duke University. The use of other scholarships or financial aid towards Duke costs should be verified in advance.,42
p0338,"Part 8: Career Services, Study Away, and Research Opportunities",Office of Global Education and Study Away,,,75,text,"DKU maintains an active list of preapproved study away opportunities that include exchange partnerships, direct enrollment in universities, and provider-based programs. Students may have the option of individually petitioning to participate in a program on the basis of academic interests or needs that are not represented among preapproved programs.",49
p0339,"Part 8: Career Services, Study Away, and Research Opportunities",Office of Global Education and Study Away,,,75,text,"Students must receive approval in advance for both the program and individual courses. Although financial accessibility is considered in the range of programs that are preapproved, costs vary significantly by geographical region of study and program type, and are the full responsibility of the student. With the exception of approved exchange partnerships (where tuition is paid to DKU, and housing/program fees are paid to the host institution), DKU merit scholarships and/or financial aid cannot be used to cover the cost. Students may seek additional information on financial planning for study away opportunities and advice for researching program costs on the Office of Global Education website, or by arranging an individual advising session with the Office. Students assume full responsibility for their own financial commitments and payments for programs, whether they are preapproved or approved by petition (including but not limited to deposits, tuition, housing, cost of living, and other program fees).",151
p0340,"Part 8: Career Services, Study Away, and Research Opportunities",Office of Global Education and Study Away,,,75,text,"Students may transfer up to a maximum of 40 credits taken outside of the Duke Kunshan University campus, including advanced placement credits. A maximum of 8 credits may be from coursework undertaken while on voluntary leave of absence for personal or medical reasons. No credit will be accepted for coursework taken while a Duke Kunshan University student is withdrawn, suspended, or on involuntary leave of absence. All courses must be pre-approved for transfer credit. Policies and procedures for course approvals are available from the Office of Global Education. (See also Transfer of Work Taken Elsewhere, Part 6.)",97
p0341,"Part 8: Career Services, Study Away, and Research Opportunities",Office of Global Education and Study Away,,,75,text,"For courses taken at Duke University: All grades earned at Duke University are entered on the official record at Duke Kunshan University and are used in determining the grade point average. Courses taken while a DKU student is studying away at Duke University may be taken on a Duke Satisfactory/Unsatisfactory basis, subject to Duke’s processes, regulations and deadlines – which may differ from those at DKU. Courses taken at Duke on a S/U basis will transfer back to DKU and be recorded using DKU’s CR/NC system. Such courses will be subject to all regulations and limitations stated for the DKU CR/NC policy in the DKU Bulletin, including all restrictions on the number of credits and which courses can be taken on this basis. Students declaring S/U at Duke are required to consult their DKU academic advisor to ensure that they will be using a DKU CR/NC option in an appropriate manner.",151
p0342,"Part 8: Career Services, Study Away, and Research Opportunities",Office of Global Education and Study Away,,,75,text,Students who use S/U on a Duke course that cannot be transferred over as CR/NC at DKU will not earn credits for the course and may be ineligible to retake it at either institution.,34
p0343,"Part 8: Career Services, Study Away, and Research Opportunities",Office of Global Education and Study Away,,,76,text,"For courses taken at universities other than Duke University: Transfer of academic credit from nonDuke host institutions or programs is neither automatic nor guaranteed. Students should approach course planning carefully and thoroughly familiarize themselves with advising materials and the course approval and transfer process detailed in the Office of Global Education website and Sakai site. Students should complete the course approval process before committing to attend any program. Most courses taken on study away programs are eligible to transfer to DKU as general elective credits, although suitable courses may be submitted for review as full equivalencies or thematic area equivalencies that fulfill major requirements. Only courses taken in which grades of Cor better have been earned are acceptable for transfer credit; courses taken at other institutions with CR/NC grading or the equivalent are not accepted for transfer credit. Students must be able to submit an official transcript, with credits and grades provided by the host institution to the Office of Registrar, DKU.",162
p0344,"Part 8: Career Services, Study Away, and Research Opportunities",Office of Global Education and Study Away,,,76,text,"All courses approved for transfer are listed on the student’s permanent record at Duke Kunshan University, but grades earned are not recorded or used in determining the grade point average. Insurance Students are required to have insurance that covers them on-site while studying away. Medical costs and insurance fees/coverage vary by country; students and parents are ultimately responsible for their own medical coverage, and should carefully research and consider their needs throughout participation in a program. Some programs require proof of insurance separately, and others include insurance coverage in program participation fees. Visas Although most programs provide assistance or advice for arranging visas, students ultimately bear responsibility for understanding immigration policies for students in their study away countries, and for ensuring they are compliant with local immigration policy and laws. Similarly, students should research and understand all immigration policies related to their successful return to their home countries and/or DKU following their study away experience.",155
p0345,Part 9: Student Affairs and Campus Life,Student Affairs,,,77,text,The Office of Student Affairs supports the physical and psychological wellbeing of students while providing a global student centered co-curricular experience that encourages them to lead purposeful and productive lives.,30
p0346,Part 9: Student Affairs and Campus Life,Student Affairs,,,77,text,"We promote an inclusive and holistic community by challenging and supporting students with opportunities that foster self-awareness, cross cultural competence, and leadership skills while encouraging a sustained commitment to learning, integrity, and mutual respect.",34
p0347,Part 9: Student Affairs and Campus Life,Student Affairs Conceptual Framework,,,77,text,"Every area in Student Affairs is guided by best practices rooted in student development theory. Student Affairs practitioners fully understand the developmental stages of college students and provide programs, services, and initiatives that meet the diverse needs of our domestic and international students from across the globe. Our intent is to challenge and support every student to be the best version of themselves academically, personally, and socially. In-keeping with the joint-venture nature of Duke Kunshan University, Student Affairs is a member of NASPA (Student Affairs Administrators in Higher Education) and ACPA (College Student Educators International), based in the United States, and also a member of APSSA (Asia Pacific Student Services Association) and IASAS (International Association of Student Affairs and Services). Student Affairs staff access professional development journals and training materials consistently to update themselves so that they may provide programs and services that meet the diverse needs of students from China and countries across the globe.",156
p0348,Part 9: Student Affairs and Campus Life,Student Affairs Conceptual Framework,Core Values,,77,text,Cultural Competence: • Health and wellness • Critical Thinking • Leadership • Social Responsibility • Respect,16
p0349,Part 9: Student Affairs and Campus Life,Residence Life,,,77,text,"Our mission is to create opportunities to live, learn, and lead. Committed to creating these opportunities, Residence Life works collaboratively with students, parents, faculty, and staff to help residents navigate their DKU journey in a safe, diverse, inclusive, stimulating, and vibrant community. Along the way, we challenge and support residents to develop their potential, achieve their goals, and prepare for global citizenry. We are a department within the office of Student Affairs, reporting to the Dean of Student Affairs. Simply, Residence Life is responsible for the community building aspects of living on campus. We oversee the RLC team, RA teams, community events and programs, and residential student conduct as well as the room application, assignment, and billing processes. For more information about Residence Life, see our website (https://dukekunshan.edu.cn/en/student-life/residence-life) or email us at residencelife@dukekunshan.edu.cn. We work closely with, but are separate from, the Housing department, who is responsible for the facilities aspects of living on campus such as cleaning, maintenance, room inspections, work requests, indoor air quality, water drinkability, rental refrigerator coordination, and more.",173
p0350,Part 9: Student Affairs and Campus Life,Accommodations,,,78,text,"All undergraduate students are required to reside on campus, all four years. On campus includes the main campus as well as any buildings off site that are owned, leased, or operated by the University.",34
p0351,Part 9: Student Affairs and Campus Life,Accommodations,,,78,text,"Our residence halls are homes for the students who live there. Many people use the word “dorm” to describe the places students live on university campuses. “Dormitory” is word derived from the Latin for “sleep”. Since our facilities are part of something far more impactful and meaningful than sleep alone, we use the term residence hall to describe any of the residential buildings. Each hall is supervised by a full-time Residence Life Coordinator, who also lives in the building. Further, each Residence Life Coordinator supervises a team of Resident Assistants who help students develop a sense of community. Information about each residence hall can be found online: https://dukekunshan.edu.cn/en/student-life/residence-life/residence-halls.",108
p0352,Part 9: Student Affairs and Campus Life,Accommodations,,,78,text,"Room assignments are made by Residence Life, before the school year begins, through the Mercury system. Within the room assignment application, information about roommate matching, building preferences, and room type preferences will be collected, and students will sign a Room Assignment Agreement. While we collect these preferences, we ask for your understanding that there are limitations that don’t enable us to give everyone exactly what they prefer. The options available and application timelines for different academic programs and levels is slightly different, so be sure to pay attention to emails sent by Residence Life and information posted online: https://dukekunshan.edu.cn/en/student-life/residence-life/applying-room-assignment.",99
p0353,Part 9: Student Affairs and Campus Life,Leadership Development,,,78,text,"The Global Leadership Academy is designed to help students become global leaders who can positively impact the campus, Kunshan community, and the world. The Global Leadership Academy was created and rooted in a theoretical framework that helps students understand consciousness of self, congruence, commitment, common purpose, controversy with civility, collaboration, and citizenship. Throughout the six term, experience-tiered Academy growing in depth and breadth each term of participation, participants discover who they are as a leader, explore different aspects of leaderships, and blaze their own trail of continued leadership development.",89
p0354,Part 9: Student Affairs and Campus Life,Campus Engagement,,,79,text,"Campus Engagement serves students by offering programs that foster inter-cultural knowledge building and understanding, co-curricular learning, community involvement, peer-to-peer interaction, arts & cultural exploration, and personal development. These programs are done in partnership within the Campus Engagement areas of Arts & Culture, the Blue Oasis Student Center, Campus Programs, and Clubs and Organizations.",53
p0356,Part 9: Student Affairs and Campus Life,Arts and Culture,,,79,text,"Duke Kunshan University provides students an array of opportunities to expand, enhance, and explore the areas of Arts, Culture and Entertainment. This is done through various creative mediums such as visual arts and crafts workshops, performances, excursions incorporating artists and/or personalized crafts plus local cultural excursions to Shanghai and around Jiangsu Province. One DKU’s signature programs is the Arts & Music Festival Week where many of these mediums come to life on campus. Other major series initiatives include, but are not limited to, Arts November, Creative Makers’ Studio, and This is Jiangsu Series. We hope to provide students with opportunities to showcase their artistic talents and connect the community through arts and culture!",113
p0357,Part 9: Student Affairs and Campus Life,Blue Oasis Student Center,,,79,text,"The Blue Oasis – DKU Student Center (BOSC) is a multi-functioned student centered space located by the lake at the Dayu Bay commercial street within less than 10-minute walk from the West Gate of the university. BOSC is a two-floor complex with different room setups to accommodate various types of events and activities. We welcome students to propose ideas and activities to support in implement them. Whether you want to study, hang out with your friends, or just come have fun at BOSC activities, this is the place to be! BOSC is staffed by student workers and is overseen by the Office of Campus Engagement.",105
p0358,Part 9: Student Affairs and Campus Life,Blue Oasis Student Center,,,79,text,The Blue OASIS – DKU Student Center - ‘It is Student Centered here.’,13
p0359,Part 9: Student Affairs and Campus Life,Campus Programs,,,79,text,"Learning occurs both inside the classroom as well as outside the classroom. At Duke Kunshan University, we believe that students who are involved in campus life through student leadership and participation in co-curricular activities such as sports, group excursions, service learning, voluntary community work, paid or un-paid internships, and cultural, social, and inter-cultural events will not only build self-confidence in their personal development, they will also do work that benefits the campus community and the local community at large. Ultimately, students engaged in student involvement personally benefit from these experiences and community building opportunities. Check out the campus event calendar and opportunities at https://dukekunshan.campuslabs.com/engage.",104
p0360,Part 9: Student Affairs and Campus Life,Campus Programs,,,80,text,"A sample of some of our key student activities for students to engage and cross-culturally connect include weekly programs such as our DKU Cinema and DKU Spotlight programs which showcase movie showings and put on student performances respectively. Activities also include campus wide dances, arts & culture workshops and excursions, boardgame nights, and karaoke to name a few. To help students learn more about China, students can partake in a student excursion program called DKU Quest - Exploring China's Beauty and Mystery where students are taken across China on excursions to places like the Zhejiang Anji Baofu Bamboo Forest, a Sichuan Tibetan Village, Nanjing, Beijing and the Great Wall, Zhang Jia Jie National Park (Avatar Mountains), and Huangshan (Yellow) Mountains. These activities constitute an exciting and important part of the Duke Kunshan University experience in serving the diverse needs and interests of our students and promoting connections outside the classroom. These opportunities also provide leadership skills, development opportunities and serve to empower students culturally, socially, and intellectually.",167
p0361,Part 9: Student Affairs and Campus Life,Student Clubs and Organizations,,,80,text,"Duke Kunshan University offers clubs in various categories to meet the diverse cross-cultural and academic interests of the student body. Club categories include Arts and Performance, Community Service, Cultural, General Interest, Professional and Academic, Sports, and Student-Run Publications. As clubs, opportunities are created for leadership development and personal growth. To assist in this, all student clubs and organizations must have an advisor who is a faculty member or a full-time staff. All must go through an online and electronic process to be approved which includes a club/organizational constitution with a description of the organization, mission statement, membership details, and structure of its leadership and overall organization. DKU has over 65 active student clubs and organizations.",115
p0362,Part 9: Student Affairs and Campus Life,Athletics & University Sports,,,80,text,"The Athletics Department oversees the Physical Education, Sport and Recreation programs at DKU. Overall, our varsity sports, recreation and physical activity program is designed to promote diversity in physical activity, reflect on students’ interests, and provide an opportunity for intravarsity competition.",41
p0363,Part 9: Student Affairs and Campus Life,Athletics & University Sports,,,80,text,"We offer over 20 different sports and activities on a rolling basis. Clubs are generally categorized into recreational clubs that are simply for students’ leisure, while varsity clubs have school teams that participate in various leagues and tournaments, and represent the university at the interscholastic competitions. Sport clubs also organize on-campus intramural competitions that run throughout the year. We offer all the necessary support to help you start a new club if there is student interest in creating a club for activities that we do not offer.",87
p0364,Part 9: Student Affairs and Campus Life,Athletics & University Sports,,,81,text,"Recreational activities are designed to take students off-campus and experience non-traditional activities. These activities range from hiking, rafting and caving trips, to visiting BMX ride arenas, professional game events and organizing student teams that compete in events such as the Suzhou Marathon, Dragon Boat race and Shanghai Mile.",48
p0365,Part 9: Student Affairs and Campus Life,Athletics & University Sports,,,81,text,"Our facilities include a soccer stadium, outdoor multi-sport courts, and a fitness center that offers a range of cardio equipment, free weights and exercise machines, and hosts daily fitness classes such as yoga, Pilates, tai-chi, dance, and many others.",39
p0366,Part 9: Student Affairs and Campus Life,Athletics & University Sports,,,81,text,"For more information about the club sports, fitness and recreation, PE program, and additional athletics and recreation programs, visit the DKU Athletics website: https://dukekunshan.edu.cn/en/campus-life/student-life/athletics.",24
p0367,Part 9: Student Affairs and Campus Life,Counseling and Psychological Services (CAPS),,,81,text,"Counseling services is an important part of the Duke Kunshan University community and it supports DKU student’s mental health needs. We provide assistance to individuals to address mental health issues such as anxiety, depression and adjustment challenges. More importantly, CAPS provides services to help students cultivate resilience and psychological flexibility, and aims to create a healthy community through various community mental health engagement activities. CAPS places deep value in outreach programming and community engagement through various learning series on topics such as diversity, self-identity, self-confidence, how to form healthy intimate relationship, and how to live a meaningful college life. CAPS is also charged with and is committed to providing educational opportunities for students with disabilities. CAPS uses a multifaceted team-based approach to determine eligibility for services and accommodations to qualiﬁed ﬁrst-year students, sophomores, juniors, and seniors as well as graduate students. Our goal is to provide and coordinate accommodations that enable students with disabilities to have equal access to all Duke Kunshan University programs and activities.",166
p0368,Part 9: Student Affairs and Campus Life,Counseling and Psychological Services (CAPS),,,81,text,"Services and accommodations are provided to students with a variety of disabilities including, but not limited to, learning disabilities, psychological disorders, mobility, and chronic health as well as other medical conditions.",31
p0369,Part 9: Student Affairs and Campus Life,Campus Health Clinic,,,81,text,"The clinic provides basic medical services and first aid to students, and to faculty and staff on an emergency basis. It also provides workshops that educate the campus community on public health issues, and ways to prevent communicable diseases. Protocols are set up to handle medical emergencies on campus. The clinic aims to promote and enhance individual’s personal health and well-being by staying fit, resulting in a healthy campus. All clinical staff members are expected to maintain the strictest confidentiality when handling Personal Health Information (PHI). Student Affairs staff members are trained to maintain confidentiality of student information, student data and records, and disciplinary records (with limited exceptions such as when there is a crisis or crime being committed). The Clinic provides health education workshops to educate the campus community on handling emergency incidents, how to use an Automated External Defibrillator (AED), perform Cardiopulmonary Resuscitation (CPR), and apply First Aid. The clinic also provides seasonal flu immunizations.",157
p0370,Part 9: Student Affairs and Campus Life,Chinese Student Services and Student Mobility,,,82,text,"This office provides military training, transitional support related with Dang'An, Hukou, and train ticket discounts based on MOE's prescriptive procedures only for Chinese mainland students. Military training is essential for Chinese mainland students to learn at minimum military related theory, physical training, and field survival training. The office usually facilitates military training by the end of the first academic year. The office receives the Dang'An from the student's high school, files and keeps it. The file is kept in the office for four years and transfers to the place where students will go after their graduation. The office works with the local the Public Security Bureau (Police) to receive Hukou students transferred from their hometown to be registered as local resident although it's not mandatory. The MOE provides a discount for round-trip train tickets between home and DKU twice a year. The office purchases and places the discount sticker in the student's booklet to certify the discount.",157
p0371,Part 9: Student Affairs and Campus Life,Chinese Student Services and Student Mobility,,,82,text,"In addition to supporting Chinese students, Chinese Student Services provides a series of programs such as social practice, community service, and volunteer programs for all students. The intent is to promote interactions between Chinese students and international students to encourage diversity and inclusion within the DKU community.",47
p0372,Part 9: Student Affairs and Campus Life,International Student Services,,,82,text,"This office provides visa information to international students, and works with the local Public Security Bureau (Police) and Entry-Exit Inspection and Quarantine Bureau (Immigration) to ensure the smooth processing of student visas, temporary residence permits, and residence registration for all students, both domestic Chinese and international students.",47
p0373,Part 9: Student Affairs and Campus Life,International Student Services,,,82,text,"In addition to helping students with their legal onboarding requirements, International Student Services provides an array of university programs aimed at helping international students' integration with DKU, Kunshan and surrounding areas. Programs offered through this area allow for cross-cultural interaction among the very diverse student body at DKU.",48
p0374,Part 9: Student Affairs and Campus Life,Host Family Program,,,82,text,International Student Services facilitates pairing international students with local Kunshan families. It provides participants precious opportunities to be a part of the local community during their stay at DKU. The program creates intercultural experiences and language exchange opportunities and helps students expand their support system.,45
p0375,Part 9: Student Affairs and Campus Life,Student Conduct,,,83,text,"Duke Kunshan University expects students to hold themselves to the highest standards for honesty, integrity, fairness, and responsibility in their academic and co-curricular endeavors. All students are expected to follow all university rules, policies, procedures, and processes. While there are various avenues for this, student need to familiarize themselves with the Student Code of Conduct. The handbook can be accessed via the intranet: http://in.dukekunshan.edu.cn/App. It is located at the bottom left under “Student Affairs.”",74
p0376,Part 9: Student Affairs and Campus Life,Student Conduct,,,83,text,"Students living in on-campus residence are expected to abide by University rules on group living expectations and standards (Residence Life Policies), Health and Safety Policies, plus Residence Life Student Conduct processes and sanctions.",33
p0377,Part 9: Student Affairs and Campus Life,Student Conduct,,,83,text,"The Office of Student Conduct views student conduct as an educational process, when possible. While some violations can be so severe that separation from the community is required, when possible, we take into account the violation, nature of the offense, personal circumstances of the student and what lessons can be learned. The intent is that the student will learn and grow from the experience to become a more productive and engaged citizens of the community.",75
p0378,Part 10: Majors and Courses,Requirements for All Majors,,,84,text,All students regardless of their choice of major will be required to take the following courses. Other specific major requirements are listed under each major.,25
p0379,Part 10: Majors and Courses,Requirements for All Majors,Common Core (12 Credits),,84,table,"Common Core (12 Credits): GCHINA 101 China in the World (4 credits); GLOCHALL 201 Global Challenges in Science, Technology, and Health (4 credits); ETHLDR 201 Ethics, Citizenship & the Examined Life (4 credits)",33
p0380,Part 10: Majors and Courses,Requirements for All Majors,Distributional Requirement and Quantitative Reasoning Course Requirement (16 Credits),,84,text,Please see details in Part 3: The Curriculum.,8
p0381,Part 10: Majors and Courses,Requirements for All Majors,Distributional Requirement and Quantitative Reasoning Course Requirement (16 Credits),,84,table,Distributional Requirement and Quantitative Reasoning Course Requirement (16 Credits): Requirements Course Credit; Arts and Humanities Distributional Requirement (4 credits); Social Sciences Distributional Requirement (4 credits); Natural and Applied Sciences Distributional Requirement (4 credits); Quantitative Reasoning Course Requirement (4 credits),39
p0383,Part 10: Majors and Courses,Requirements for All Majors,Language Courses (8-16 Credits),,84,text,Students in the English for academic purposes (EAP) track are required to take eight credits of EAP courses - EAP 101A to EAP 102B; they can also take 200+ level EAP elective courses or WOC courses to further develop their academic English skills.,43
p0384,Part 10: Majors and Courses,Requirements for All Majors,Language Courses (8-16 Credits),,84,text,Students in the Chinese as Second Language (CSL) track need to take 8-16 credits of CHINESE courses appropriate to their Chinese skill level.,23
p0385,Part 10: Majors and Courses,Requirements for All Majors,Language Courses (8-16 Credits),,84,text,Students in the Third Language track can satisfy their foreign language requirement by taking 8 credits of written and oral communication (WOC) courses or Third Language (TLANG) independent study courses through the Language Learning Studio.,35
p0386,Part 10: Majors and Courses,Requirements for All Majors,Two Signature Work Capstone Courses (8 credits),,85,text,Resulting in a Signature Work Product. Please see details in Part 3: The Curriculum.,14
p0387,Part 10: Majors and Courses,Requirements for All Majors,Two Signature Work Capstone Courses (8 credits),,85,table,Two Signature Work Capstone Courses (8 credits): CAPSTONE 495 Signature Work Capstone I (4 credits); CAPSTONE 496 Signature Work Capstone II (4 credits),23
p0388,Part 10: Majors and Courses,Requirements for All Majors,Required Experiential Learning,,85,text,1 Non-credit Mini-Term Course (Not required for the Class of 2022),11
p0389,Part 10: Majors and Courses,Requirements for All Majors,Required Experiential Learning,,85,text,"1 Signature Experiential Activity: Research, Internships, Community-Based Field Work, Civic Engagement",11
p0390,Part 10: Majors and Courses,Majors (listed in alphabetical order),Applied Mathematics and Computational Sciences with tracks in Computer Science and Mathematics,,86,text,The Computer Science track is only available to the Class of 2025 and beyond.,14
p0391,Part 10: Majors and Courses,Majors (listed in alphabetical order),Applied Mathematics and Computational Sciences with tracks in Computer Science and Mathematics,,86,text,We live in an era where the availability of unprecedented amounts of information and computing resources is erasing the traditional boundaries between disciplines. This is creating new opportunities for multidisciplinary teams to actively engage with and to change the world around them. Experts who combine deep disciplinary knowledge in Mathematics and Computer Science with interdisciplinary skills will play a leading role in such multidisciplinary teams.,65
p0392,Part 10: Majors and Courses,Majors (listed in alphabetical order),Applied Mathematics and Computational Sciences with tracks in Computer Science and Mathematics,,86,text,"Applied Mathematics and Computational Sciences is a highly interdisciplinary field which integrates concepts and principles from Mathematics and Computer Science and applies them to Sciences, Engineering, Humanities, and Business. Its distinctive character is an emphasis on modeling and computational thinking that is firmly based on solid theoretical foundations.",48
p0393,Part 10: Majors and Courses,Majors (listed in alphabetical order),Applied Mathematics and Computational Sciences with tracks in Computer Science and Mathematics,,86,text,"The vision of the major in Applied Mathematics and Computational Sciences is to educate students who combine world-class disciplinary education with the leadership and communication skills to facilitate interaction with other disciplines, and who can easily adapt to changing circumstances, trends, and societal needs. The major, in coordination with the Zu Chongzhi Center for Applied Mathematics and Computational Sciences, tracks the latest developments in academic and industrial research and prepares students for graduate studies and a competitive job market with a combination of skills that are not typically offered in traditional undergraduate Applied Mathematics and Computer Science programs.",98
p0394,Part 10: Majors and Courses,Majors (listed in alphabetical order),Applied Mathematics and Computational Sciences with tracks in Computer Science and Mathematics,,86,text,"The major in Applied Mathematics and Computational Sciences aims to let students explore Mathematics and Computer Science at three levels. First, within each discipline, traditional courses help students acquire the necessary foundational theoretical background. Second, at an interdisciplinary level, students explore the relation between the Mathematics track and the Computer Science track through the interaction of mathematical principles and programming in courses such as Numerical Analysis. The two tracks complement each other and integrate their disciplinary perspectives into coherent and distinctive problem-solving approaches. Third, students go beyond strict disciplinary boundaries in several courses that combine mathematical or computer science foundations with applications to other disciplines and applied projects that also prepare students for Signature Work outside their disciplinary boundaries.",119
p0395,Part 10: Majors and Courses,Majors (listed in alphabetical order),Applied Mathematics and Computational Sciences with tracks in Computer Science and Mathematics,Major Requirements,87,text,"(Not every course listed is offered every term, and the course list will be updated periodically. Please refer to the online Course Catalog for Courses offered in 2021-2022.)",28
p0397,Part 10: Majors and Courses,Majors (listed in alphabetical order),Applied Mathematics and Computational Sciences with tracks in Computer Science and Mathematics,Divisional Foundation Courses,87,table,Divisional Foundation Courses: Choose one from the following two Math courses; MATH 101 Introductory Calculus (4 credits); MATH 105 Calculus (4 credits); And complete the following courses; BIOL 110 Integrated Science – Biology (4 credits); CHEM 110 Integrated Science – Chemistry (4 credits); PHYS 121 Integrated Science – Physics (4 credits),51
p0398,Part 10: Majors and Courses,Majors (listed in alphabetical order),Applied Mathematics and Computational Sciences with tracks in Computer Science and Mathematics,Interdisciplinary Courses,87,table,Interdisciplinary Courses: Choose one course from the following two courses; COMPSCI 101 Introduction to Computer Science (4 credits); STATS 102 Introduction to Data Science (4 credits); And complete the following courses; MATH 201 Multivariable Calculus (4 credits); MATH 202 Linear Algebra (4 credits); MATH 205 Probability and Statistics (4 credits); MATH 302 Numerical Analysis (4 credits),56
p0399,Part 10: Majors and Courses,Majors (listed in alphabetical order),Applied Mathematics and Computational Sciences with tracks in Computer Science and Mathematics,Disciplinary Courses,88,table,Disciplinary Courses: COMPSCI 201 Introduction to Programming and Data Structures (4 credits); COMPSCI 203 Discrete Math for Computer Science (4 credits); COMPSCI 205 Computer Organization and Programming (4 credits); COMPSCI 308 Design and Analysis of Algorithms (4 credits); And choose one from the following three courses; COMPSCI 306 Introduction to Operating Systems (4 credits); COMPSCI 310 Introduction to Databases (4 credits); COMPSCI 311 Computer Network Architecture (4 credits),68
p0400,Part 10: Majors and Courses,Majors (listed in alphabetical order),Applied Mathematics and Computational Sciences with tracks in Computer Science and Mathematics,Electives,88,text,Courses listed in the table below are recommended electives for the major and the course list will be updated periodically. Students can also select other courses in different disciplines or divisions as electives.,33
p0401,Part 10: Majors and Courses,Majors (listed in alphabetical order),Applied Mathematics and Computational Sciences with tracks in Computer Science and Mathematics,Electives,88,table,Electives: Architectures (Hardware and Cloud); COMPSCI 303 Search Engines (4 credits); COMPSCI 401 Cloud Computing (4 credits); Programming and Software Engineering; COMPSCI 208 /MEDIART 206 Search Engines (4 credits); COMPSCI 307 Cloud Computing (4 credits); COMPSCI 320 Search Engines (4 credits); COMPSCI 403 Cloud Computing (4 credits); Machine Learning and AI; COMPSCI 204 Introduction to Artificial Intelligence (4 credits); COMPSCI 309 Elements of Machine Learning (4 credits); MATH 405 Mathematics of Data Analysis and Machine Learning (4 credits),78
p0403,Part 10: Majors and Courses,Majors (listed in alphabetical order),Applied Mathematics and Computational Sciences with tracks in Computer Science and Mathematics,Interdisciplinary Courses,89,table,Interdisciplinary Courses: Take one from the following three courses; COMPSCI 101 Introduction to Computer Science (4 credits); STATS 102 Introduction to Data Science (4 credits); COMPSCI 201 Introduction to Programming and Data Structures (4 credits); And complete the following courses; MATH 201 Multivariable Calculus (4 credits); MATH 202 Linear Algebra (4 credits); MATH 205 Probability and Statistics (4 credits); MATH 302 Numerical Analysis (4 credits),65
p0404,Part 10: Majors and Courses,Majors (listed in alphabetical order),Applied Mathematics and Computational Sciences with tracks in Computer Science and Mathematics,Disciplinary Courses,90,table,Disciplinary Courses: MATH 303 ODE and Dynamical Systems (4 credits); MATH 307 Complex Variables (4 credits); MATH 308 Real Analysis (4 credits); MATH 401 Abstract Algebra (4 credits); And choose one course from the following four courses; MATH 403 Partial Differential Equations (4 credits); MATH 404 Stochastic Modeling & Computing (4 credits); MATH 405 Methods for Data Analysis (4 credits); MATH 406 Mathematical Modeling (4 credits),66
p0406,Part 10: Majors and Courses,Majors (listed in alphabetical order),Applied Mathematics and Computational Sciences with tracks in Computer Science and Mathematics,Electives,90,table,Electives: MATH 301 Advanced Introduction to Probability (4 credits); STATS 301 Statistics (4 credits); MATH 306 Number Theory (4 credits); MATH 316 / ECON 316 Discrete Time Finance (4 credits); MATH 408 Differential Geometry (4 credits); MATH 409 Topology (4 credits); MATH 450 Measure and Integration (4 credits),48
p0408,Part 10: Majors and Courses,Majors (listed in alphabetical order),Applied Mathematics and Computational Sciences with tracks in Computer Science and Mathematics,Interdisciplinary Courses,91,table,Interdisciplinary Courses: MATH 302 Numerical Analysis (4 credits); MATH 303 ODE and Dynamical Systems (4 credits); And choose two courses from the following four courses; MATH 403 Partial Differential Equations (4 credits); MATH 404 Stochastic Modeling & Computing (4 credits); MATH 405 Methods for Data Analysis (4 credits); MATH 406 Mathematical Modeling (4 credits),54
p0409,Part 10: Majors and Courses,Majors (listed in alphabetical order),Applied Mathematics and Computational Sciences with tracks in Computer Science and Mathematics,Interdisciplinary Courses,91,text,11 Students from the Classes of 2022-2024 who prefer to meet the major requirements for Applied Mathematics and Computational Sciences with a track in Mathematics for the Class of 2025 and beyond must contact the Office of Undergraduate Advising. (See section on Major Requirements in Part 3).,47
p0410,Part 10: Majors and Courses,Majors (listed in alphabetical order),Applied Mathematics and Computational Sciences with tracks in Computer Science and Mathematics,Disciplinary Courses,92,table,Disciplinary Courses: MATH 201 Multivariable Calculus (4 credits); MATH 202 Linear Algebra (4 credits); MATH 205 Probability and Statistics (4 credits); MATH 307 Complex Variables (4 credits); MATH 308 Real Analysis (4 credits); MATH 401 Abstract Algebra (4 credits),39
p0413,Part 10: Majors and Courses,Majors (listed in alphabetical order),Behavioral Science with tracks in Psychology and Neuroscience,,93,text,This major is not available to the Class of 2022. It is available for the Class of 2023 and beyond.,20
p0414,Part 10: Majors and Courses,Majors (listed in alphabetical order),Behavioral Science with tracks in Psychology and Neuroscience,,93,text,"The new field of behavioral science seeks to understand how humans think and act within their environments and how policies can shape that behavior. For example, research showing the power of default options on decision making has led to the introduction of “opt-out” policies for decisions like becoming an organ donor or contributing to one’s retirement account, leading to marked increases in participation (e.g., millions of newly eligible organ donors). Across many institutions – governmental, educational, and corporate – effective interventions rely on an understanding of human behavior. Behavioral science has been commonly applied to problems in marketing, health science, financial investing, charitable giving, human factors and environmental design, and education. The twin goals of behavioral science – understanding mechanisms of individual behavior and developing policies that shape that behavior – require students to develop a knowledge base drawn from several disciplines. Empirical behavioral science research draws upon the methods of psychology (and, more recently, neuroscience) to create well-designed experiments and measures.",162
p0415,Part 10: Majors and Courses,Majors (listed in alphabetical order),Behavioral Science with tracks in Psychology and Neuroscience,,93,text,"Computational modeling and statistics have become increasingly important for isolating the variables that shape behavior, especially when examining the consequences of large-scale interventions. Applications to policy often require disciplinary knowledge in behavioral economics, political psychology, marketing, or another field. And, considering the implications of new policies benefits from expertise in philosophy and ethics. In summary, an integrated course of study in behavioral science will combine disciplinary knowledge with the abilities to evaluate experimental designs, to draw conclusions from experimental data, and to link concepts across levels of analysis from individual behavior to societal policies. Behavioral science will provide a distinct program of study for DKU undergraduates – one that integrates research approaches and theories currently spread across the social sciences (and some of the natural sciences). Because the most common empirical approaches in sociology, economics, and political science all involve analysis of population-level data (e.g., large panel surveys, census records), students in those majors typically gain expertise working with and evaluating datasets collected by others. Behavioral science provides a complementary approach that develops expertise in experimental methods.",177
p0416,Part 10: Majors and Courses,Majors (listed in alphabetical order),Behavioral Science with tracks in Psychology and Neuroscience,,93,text,"To identify the difference between these approaches, consider a student interested in how demography predicts voting behavior. Through a traditional social science major – say, political science or sociology – that student could learn to analyze census data, voting records, and economic variables to create models at the societal level. Or, by choosing to major in Behavioral Science, that same student could conduct laboratory experiments that test predictions about group identity and political affiliation – and then use her findings to design field experiments that manipulate self-identity and measure real-world political preferences. This latter skillset has become increasingly valued by policymakers, who use the methods of behavioral science to guide their social interventions.",113
p0417,Part 10: Majors and Courses,Majors (listed in alphabetical order),Behavioral Science with tracks in Psychology and Neuroscience,,94,text,"Through its interdisciplinary component, students will gain core skills that have broad relevance for modern societal challenges, while retaining a grounding in a traditional academic discipline like psychology or neuroscience. Moreover, it could be readily integrated with other social science disciplines (e.g., economics, political science, sociology) based on student demand. Because of its focus on how an individual interacts with her environment, it will attract interest from students who think globally or cross-culturally. For example, encouraging pro-environmental behaviors may require somewhat different policies in the US, China, or another country, depending on cultural and economic factors. Students exploring a behavioral science major at DKU will not only receive a broad-based liberal arts education, but also gain highly marketable skills in experimental design, data analysis, and implementing research into policy.",129
p0419,Part 10: Majors and Courses,Majors (listed in alphabetical order),Behavioral Science with tracks in Psychology and Neuroscience,Divisional Foundation Courses,95,table,Divisional Foundation Courses: BIOL 110 Integrated Science - Biology (4 credits); SOSC 101 Foundational Questions in Social Science (4 credits); STATS 101* Introduction to Applied Statistical Methods (4 credits); And choose one from the following 2 courses; MATH 101 Introductory Calculus (4 credits); MATH 105 Calculus (4 credits); * Students who are more interested in computational modeling can take MATH 205 Probability and Statistics as a substitute for STATS 101.,70
p0420,Part 10: Majors and Courses,Majors (listed in alphabetical order),Behavioral Science with tracks in Psychology and Neuroscience,Interdisciplinary Courses,95,table,"Interdisciplinary Courses: BEHAVSCI 101 Introduction to Behavioral Science (4 credits); BEHAVSCI 102 Mechanisms of Human Behavior (4 credits); BEHAVSCI 201 Individuals and Their Decisions (4 credits); BEHAVSCI 202 Institutions, Groups, and Society (4 credits); BEHAVSCI 401 Moving Beyond Nudges (4 credits)",41
p0421,Part 10: Majors and Courses,Majors (listed in alphabetical order),Behavioral Science with tracks in Psychology and Neuroscience,Disciplinary Courses,96,table,"Disciplinary Courses: PSYCH 101 Introductory Psychology (4 credits); BEHAVSCI 402 Judgement and Decision Making (4 credits); And choose three courses total from Course Clusters I and II, with at least one course from each cluster; Course Cluster I; PSYCH 102 Cognitive Psychology (4 credits); PSYCH 103 Developmental Psychology (4 credits); PSYCH 104 Social Psychology (4 credits); Course Cluster II; NEUROSCI 102 Biological Basis of Behavior (4 credits); PSYCH 105 Abnormal Psychology (4 credits); NEUROSCI 212 Cognitive Neuroscience (4 credits)",79
p0422,Part 10: Majors and Courses,Majors (listed in alphabetical order),Behavioral Science with tracks in Psychology and Neuroscience,Electives,96,text,Students can choose the recommended electives in their tracks or select other courses in different disciplines or divisions as electives. The course list will be updated periodically.,27
p0423,Part 10: Majors and Courses,Majors (listed in alphabetical order),Behavioral Science with tracks in Psychology and Neuroscience,Electives,96,table,"Electives: PSYCH 110 Mindfulness, Stress, and Health: Eastern and Western Perspectives (4 credits); NEUROSCI 202 Medical Neuroscience (4 credits); BEHAVSCI 203 Comparative Analysis of Behavior (2 credits); BEHAVSCI 204 Experimental Philosophy (4 credits); GLHLTH 301 Global Health Research Methods (4 credits); PUBPOL 303 Policy Choice as Value Conflict (4 credits); ECON 309 Behavioral Finance (4 credits)",56
p0424,Part 10: Majors and Courses,Majors (listed in alphabetical order),Behavioral Science with tracks in Psychology and Neuroscience,Electives,97,table,Electives: POLSCI 313 /PSYCH 313 Political Psychology (4 credits); ECON 333/ SOSC 333 Social and Economic Networks (4 credits),19
p0427,Part 10: Majors and Courses,Majors (listed in alphabetical order),Behavioral Science with tracks in Psychology and Neuroscience,Disciplinary Courses,99,table,Disciplinary Courses: NEUROSCI 102 Biological Basis of Behavior (4 credits); BEHAVSCI 205 Systems and Circuits (4 credits); NEUROSCI 212 Cognitive Neuroscience (4 credits); NEUROSCI 301 Research Methods in Neuroscience (4 credits); BEHAVSCI 301 Computational Neuroscience (4 credits),37
p0430,Part 10: Majors and Courses,Majors (listed in alphabetical order),"Computation and Design with tracks in Computer Science, Digital Media, and Social Policy",,100,text,This major is only available to the Class of 2025 and beyond.,12
p0431,Part 10: Majors and Courses,Majors (listed in alphabetical order),"Computation and Design with tracks in Computer Science, Digital Media, and Social Policy",,100,text,"Computer science is an intellectually rich and rapidly growing field that has had a profound effect on our society and everyday lives. Today, this field continues to expand in scope and depth and will remain an exciting place to work and learn in coming years. Computer Science majors are in high demand for wellpaying jobs in technology, science, business, healthcare, and other sectors. At the same time, the wideranging impact of computer science tools and methods demands careful design of the algorithms and systems by which we deploy them, as well as an ability to critique their assumptions and effects in terms of social policy, media and communications, and the arts.",111
p0432,Part 10: Majors and Courses,Majors (listed in alphabetical order),"Computation and Design with tracks in Computer Science, Digital Media, and Social Policy",,100,text,"The structure of the Computation and Design major combines foundational computer science knowledge with a diverse range of potential applications, which are presented within a wider context of scientific, social, and cultural challenges. Students in this major take five courses in common: Computation, Society and Culture; Computation and Problem Solving, Programming and Data Structures, Modeling and Predicting, and Digital Design.",60
p0433,Part 10: Majors and Courses,Majors (listed in alphabetical order),"Computation and Design with tracks in Computer Science, Digital Media, and Social Policy",,100,text,"The major offers three distinct disciplinary tracks: The Computer Science track focuses on the fundamentals of program design, software development, computer organization, systems and networks, theories of computation, principles of languages, and advanced algorithms and data. The Social Policy track focuses on database systems, semantic knowledge production, and structured data to inform policy and shape reflective analysis. The track allows students to pursue three domain concentrations: urban design, environmental sustainability, and global networks. The Digital Media track focuses on the application of computational media methods to cultural production at the intersection of design, technology, and society. It combines core courses on web design and data visualization with a selection of advanced courses such as 3D programming, human-computer interaction, interaction and physical computing, geographic information systems, and speculative and critical design.",130
p0434,Part 10: Majors and Courses,Majors (listed in alphabetical order),"Computation and Design with tracks in Computer Science, Digital Media, and Social Policy",,100,text,"A focus on design thinking unites these tracks at the outset, and later in the senior seminar course, where students recombine into project groups to pursue collaborative projects.",28
p0435,Part 10: Majors and Courses,Majors (listed in alphabetical order),"Computation and Design with tracks in Computer Science, Digital Media, and Social Policy",,100,text,"The deeply interdisciplinary focus of the curriculum allows students from a wide range of backgrounds and interests the opportunity to develop sufficient depth in computational methods to engage in informed realization of their potential. The tripartite structure of the major allows students to specialize within the context of Computation and Design while providing opportunities to come together in creative, problembased teams. We anticipate that this sustained engagement with computation and design as the over-arching framework for their study will help to ensure that the students acquire breadth, depth, and an ability to collaborate in cross-functional teams.",96
p0437,Part 10: Majors and Courses,Majors (listed in alphabetical order),"Computation and Design with tracks in Computer Science, Digital Media, and Social Policy",Divisional Foundation Courses,101,table,Divisional Foundation Courses: MATH 205 Probability and Statistics (4 credits); And choose one of the following two courses; MATH 101 Introductory Calculus (4 credits); MATH 105 Calculus (4 credits); And choose one of the following three courses; BIOL 110 Integrated Science – Biology (4 credits); CHEM 110 Integrated Science – Chemistry (4 credits); PHYS 121 Integrated Science – Physics (4 credits),61
p0438,Part 10: Majors and Courses,Majors (listed in alphabetical order),"Computation and Design with tracks in Computer Science, Digital Media, and Social Policy",Interdisciplinary Courses,101,table,"Interdisciplinary Courses: Choose one of the following two courses; COMPSCI 101 Introduction to Computer Science (4 credits); STATS 102 Introduction to Data Science (4 credits); And complete the following courses; INFOSCI 102 Computation and Problem Solving (4 credits); INFOSCI 103 Computation, Society & Culture (4 credits); INFOSCI 104 Design Perspectives (4 credits); STATS 202 Modeling and Predicting (4 credits); COMPDSGN 490 Senior Seminar (4 credits)",65
p0441,Part 10: Majors and Courses,Majors (listed in alphabetical order),"Computation and Design with tracks in Computer Science, Digital Media, and Social Policy",Electives,102,table,Electives: COMPSCI 204 Introduction to Artificial Intelligence (4 credits); COMPSCI 210 Everything Data (4 credits); ECON 211 Intelligent Economics: An Explainable AI approach (2 credits); COMPSCI 302 Computer Vision (4 credits); STATS 302 Principles of Machine Learning (4 credits); COMPSCI 303 Search Engines (4 credits); COMPSCI 304 Speech Recognition (4 credits); COMPSCI 307 Software Design and Implementation (4 credits); COMPSCI 309 Elements of Machine Learning (4 credits); COMPSCI 320 Software Reliability (4 credits); COMPSCI 401 Cloud Computing (4 credits); STATS 401 Data Acquisition and Visualization (4 credits),87
p0442,Part 10: Majors and Courses,Majors (listed in alphabetical order),"Computation and Design with tracks in Computer Science, Digital Media, and Social Policy",Electives,103,table,Electives: COMPSCI 402 Artificial Intelligence (4 credits); STATS 402 Interdisciplinary Data Analysis (4 credits); STATS 403 Deep Learning (4 credits),20
p0443,Part 10: Majors and Courses,Majors (listed in alphabetical order),"Computation and Design with tracks in Computer Science, Digital Media, and Social Policy",Divisional Foundation Courses,104,table,Divisional Foundation Courses: Choose one of the following two courses; MATH 101 Introductory Calculus (4 credits); MATH 105 Calculus (4 credits); And choose one of the following two courses; ARHU101 The Art of Interpretation: Written Texts (4 credits); ARHU102 The Art of Interpretation: Image and Sound (4 credits); And complete the following course; STATS 101 Introduction to Applied Statistical Methods (4 credits),62
p0445,Part 10: Majors and Courses,Majors (listed in alphabetical order),"Computation and Design with tracks in Computer Science, Digital Media, and Social Policy",Disciplinary Courses,105,table,Disciplinary Courses: Take the following two courses; MEDIART 213 Foundations of Web-Based Multimedia Communications (4 credits); INFOSCI 301 Data Visualization and Information Aesthetics (4 credits); And choose three of the following six domain courses; INFOSCI 201 Interaction & Physical Computing (4 credits); INFOSCI 202 3D Modeling and Animation (4 credits); INFOSCI 303 Historical Geographical Information Systems (4 credits); INFOSCI 304 Unity 3D Programming and Interaction Design (4 credits); INFOSCI 306 Machine Reading: APIs for Text and Image Analysis for the Arts and Humanities (4 credits); INFOSCI 309 Speculative and Critical Design (4 credits),93
p0447,Part 10: Majors and Courses,Majors (listed in alphabetical order),"Computation and Design with tracks in Computer Science, Digital Media, and Social Policy",Electives,105,table,"Electives: INFOSCI 105 Experimental Interface Design (4 credits); MEDIART 106 The Visual Culture of News, Past and Present (4 credits); COMPSCI 201 Introduction to Programming and Data Structures (4 credits); STATS 201 Introduction to Machine Learning for Social Science (4 credits); GCULS 201 Culture and Industry (4 credits); INFOSCI 206 Urban Data Visualization and Communication Methods (2 credits); MEDIART 208 Comparative Media Systems and Chinese Mass Media (4 credits); COMPSCI 210 Everything Data (4 credits); HIST 211 Media History: Old and New (4 credits); MEDIART 211 Media, Arts, and Critical Theory (4 credits)",93
p0448,Part 10: Majors and Courses,Majors (listed in alphabetical order),"Computation and Design with tracks in Computer Science, Digital Media, and Social Policy",Electives,106,table,"Electives: MEDIART 214 Media Theory (4 credits); HIST 220 Global Media History (4 credits); POLSCI 302 Public Opinion (4 credits); INFOSCI 302 Introduction to Geographical Information Science (4 credits); INFOSCI 305 Virtual Museums and Digital Culture Heritage (4 credits); LIT 307 Digital Storytelling (4 credits); INFOSCI 307 Archives Alive (4 credits); MEDIART 307 International Communication (4 credits); INFOSCI 308 Data and Visualization (4 credits); INFOSCI 311 Digital Cities: Representing the Past and Building the Future (4 credits); SOSC 314 Computational Social Science: Tools to Collect & Analyze Human Behavior Using Data from the Internet (4 credits); SOSC 315 Urban Sociology (4 credits); MEDIART 320 Hashtag Memes, Digital Tribes (4 credits); INFOSCI 401 How They Got Game: History and Culture of Interactive Simulations and Video Games (4 credits)",127
p0449,Part 10: Majors and Courses,Majors (listed in alphabetical order),"Computation and Design with tracks in Computer Science, Digital Media, and Social Policy",Divisional Foundation Courses,107,table,Divisional Foundation Courses: Choose one of the following two courses; MATH 101 Introductory Calculus (4 credits); MATH 105 Calculus (4 credits); And complete the following courses; STATS 101 Introduction to Applied Statistical Methods (4 credits); SOSC101 Foundational Questions in Social Science (4 credits),43
p0451,Part 10: Majors and Courses,Majors (listed in alphabetical order),"Computation and Design with tracks in Computer Science, Digital Media, and Social Policy",Disciplinary Courses,108,table,Disciplinary Courses: Methods Courses; STATS 201 Introduction to Machine Learning for Social Science (4 credits); COMPSCI 206/ ECON 206 Computational Microeconomics (4 credits); STATS 305 Study Design: Design of Surveys and Causal Studies (4 credits); SOSC 314 Computational Social Science: Tools to Collect & Analyze Human Behavior Using Data from the Internet (4 credits); SOSC 320 Data in the World: Applied Social Statistics (4 credits); Urban Design Concentration Courses; PUBPOL 204 Governing Cities (4 credits); ECON 310 Urban Economics (4 credits); SOSC 315 Urban Sociology (4 credits); SOSC 405 The Future of the City (4 credits); Environmental Sustainability Concentration Courses; EHTLDR 204 Environmental Ethics (4 credits); ENVIR 206 Energy and the Environment (4 credits); ENVIR 301 International Environmental Policy (4 credits); ENVIR 302/ECON 302 Environmental Economics & Policy (4 credits); Global Networks Concentration Courses; CULMOVE 101 Cultures of Globalization (4 credits); POLECON 201 International Political Economy (4 credits); POLSCI 309 Networks in a Globalizing World (4 credits),157
p0453,Part 10: Majors and Courses,Majors (listed in alphabetical order),"Computation and Design with tracks in Computer Science, Digital Media, and Social Policy",Electives,109,table,"Electives: Electives related to Urban Design Concentration; GCULS 106 Our Cities and Ourselves (2 credits); PUBPOL 106 Urbanizing China: Spatial and Social Dynamics in Chinese Cities (2 credits); HIST 205 Shanghai: From Treaty Port to Global Metropolis (4 credits); INFOSCI 206 Urban Data Visualization and Communication Methods (2 credits); SOCIOL 211 Social Inequality (4 credits); POLSCI 215 The Political History of Modern Architecture: From Revolution through Neoliberalism (4 credits); GCULS 303 Chinatowns: A Cultural History (4 credits); POLSCI 307 Political Economy of Institutions (4 credits); HIST 311 Documenting Durham and the New South (4 credits); INFOSCI 302 Introduction to Geographical Information Science (4 credits); Electives related to Environmental Sustainability Concentration; ENVIR 205 Environment, Health, and Development in China (4 credits); INFOSCI 206 Urban Data Visualization and Communication Methods (2 credits); INFOSCI 302 Introduction to Geographical Information Science (4 credits); ECON 311 Economic Analysis of Current Energy Issues (4 credits); ENVIR 401 Energy and Environment Design (4 credits); ENVIR 404/ECON 404 Environmental Justice: The Economics of Race, Place and Pollution (4 credits); Electives related to Global Networks Concentration;",177
p0454,Part 10: Majors and Courses,Majors (listed in alphabetical order),"Computation and Design with tracks in Computer Science, Digital Media, and Social Policy",Electives,109,table,"CULMOVE 201 Migration, Inequality, and Culture (4 credits); SOSC 203 The Social, Political, and Economic Implications of Immigration (4 credits)",20
p0455,Part 10: Majors and Courses,Majors (listed in alphabetical order),"Computation and Design with tracks in Computer Science, Digital Media, and Social Policy",Electives,110,table,"Electives: INFOSCI 206 Urban Data Visualization and Communication Methods (2 credits); CULANTH 208 Global Migration and Ethics (4 credits); LIT 209 Critical Inter-Asia: Rethinking Local and Global Connections (4 credits); CULANTH 209 Globalization and Alternative-Globalizations (4 credits); GCULS 302 Gender in Global Perspective (4 credits); INFOSCI 302 Introduction to Geographical Information Science (4 credits); MEDIART 307 International Communication (4 credits); ECON 307 History of Monetary & International Crises (4 credits); MEDIART 320 Hashtag Memes, Digital Tribes (4 credits); ECON 333/ SOSC 333 Social and Economic Networks (4 credits); ECON 402 International Finance (4 credits)",94
p0456,Part 10: Majors and Courses,Majors (listed in alphabetical order),"Cultures and Movements with tracks in Cultural Anthropology, Sociology and World History",,111,text,"Culture and movements are two interdependent areas of inquiry studied across the social sciences that have implications for understanding contemporary public discourse, policy debates, and current events. Culture refers to the ways people act and interact, the material objects that shape their lives, the social and political organizations that shape social action, and how these change over time. Nearly every human action is shaped in some way by the cultural context in which it is embedded. Movements refer to the interactions and dynamics of practices, values, beliefs, economic systems and institutions over time and include—but are not limited to—social, political, and economic changes that reflect where a society has been and that shape where it may go in the future. Cultural perspectives are uniquely positioned to shed light on movements by providing insight into how movements are shaped by—and how they shape—the broader society in which they occur. Cultural perspectives also contribute to understanding movements by clarifying the internal functioning of the social organizations that create and are changed by movements.",171
p0457,Part 10: Majors and Courses,Majors (listed in alphabetical order),"Cultures and Movements with tracks in Cultural Anthropology, Sociology and World History",,111,text,"This major has three tracks, Cultural Anthropology, Sociology, and World History, each of which provides students the opportunities for academic study and applied research and practice. Students in this major will be exposed to interdisciplinary approaches to both theoretical understanding of culture and movements and the methods used to study related issues. Theoretical approaches include individual-centered, pragmatist, structuralism, cognitive, and political orientations. Methodological approaches incorporate ethnographic, survey research, network analysis, computational, and other approaches. By their senior year, students will have the skills to read cutting-edge research in this interdisciplinary field and will be equipped to compete for jobs with policy organizations, corporations, NGOs, and other top employers. They will also be wellprepared to apply to graduate programs in the social sciences, public policy, history, and management.",127
p0459,Part 10: Majors and Courses,Majors (listed in alphabetical order),"Cultures and Movements with tracks in Cultural Anthropology, Sociology and World History",Divisional Foundation Courses,112,table,Divisional Foundation Courses: SOSC 101 Foundational Questions in Social Science (4 credits); SOSC 102 Introduction to Research Methods (4 credits),20
p0460,Part 10: Majors and Courses,Majors (listed in alphabetical order),"Cultures and Movements with tracks in Cultural Anthropology, Sociology and World History",Interdisciplinary Courses,112,table,"Interdisciplinary Courses: CULMOVE 101 Cultures of Globalization (4 credits); CULMOVE 201 Migration, Inequality and Culture (4 credits); CULMOVE 202 Culture and Social Movements (4 credits); CULMOVE 203 Wealth, Inequality and Power (4 credits); CULMOVE 301 Social Science Perspectives on China: From the Socialist Past to the Global Present (4 credits); CULMOVE 390 Junior Seminar: Advanced Topics (4 credits); CULMOVE 490 Senior Seminar: Advanced Topics (4 credits)",66
p0461,Part 10: Majors and Courses,Majors (listed in alphabetical order),"Cultures and Movements with tracks in Cultural Anthropology, Sociology and World History",Disciplinary Courses,112,table,"Disciplinary Courses: CULANTH 206 The Ethnography of China: New Directions (4 credits); CULANTH 211 Gender, Mobility and Labor (4 credits); CULANTH 302 Field Methods (4 credits); And choose two courses from the following five courses",35
p0462,Part 10: Majors and Courses,Majors (listed in alphabetical order),"Cultures and Movements with tracks in Cultural Anthropology, Sociology and World History",Disciplinary Courses,113,table,Disciplinary Courses: CULANTH 207 Cultures of New Media (4 credits); CULANTH 208 Global Migration and Ethics (4 credits); CULANTH 304 The Anthropology of Doing Good: China and Beyond (4 credits); CULANTH 305 The Culture of Development: Africa (4 credits); CULANTH 405 Medical Anthropology (4 credits),45
p0464,Part 10: Majors and Courses,Majors (listed in alphabetical order),"Cultures and Movements with tracks in Cultural Anthropology, Sociology and World History",Electives,113,table,"Electives: CULANTH 101 Introduction to Cultural Anthropology (4 credits); CULANTH 105 Sound in Everyday Life; Anthropological Perspectives (4 credits); CULANTH 106 Home, House, and Housing: An Anthropological Exploration of Human Dwellings (4 credits); GCULS 106 Our Cities and Ourselves (2 credits); PUBPOL 106 Urbanizing China: Spatial and Social Dynamics in Chinese Cities (2 credits); CULMOVE 115 Displacement and Identity: Stories of Diasporic Migration in China and the World (2 credits); CULMOVE 206 Ethnic and Religious Diversity in the Middle East (4 credits); CULANTH 209 Globalization and Alternative-Globalizations (4 credits); CULANTH 214/POLSCI 214 Authoritarianism and the Struggle for Democracy in Latin America (4 credits); CULANTH 303 Politics of Food: Land, Labor, Health, and Economics (4 credits); CULANTH 306 Borders, Boundaries and Ethnic Peoples in China (4 credits); SOCIOL 306 Contemporary Population Problems (4 credits); CULANTH 314 /POLSCI 314 Refugees and the Biopolitics of Citizenship (4 credits); HIST 315/ CULANTH 315 Why Be a Bandit? (4 credits)",155
p0467,Part 10: Majors and Courses,Majors (listed in alphabetical order),"Cultures and Movements with tracks in Cultural Anthropology, Sociology and World History",Disciplinary Courses,114,table,"Disciplinary Courses: SOCIOL 110 Sociological Inquiry (4 credits); SOCIOL 202 Sociology of Culture (4 credits); SOCIOL 305 Theory and Society (4 credits); And choose two courses from the following five courses; STATS 101 Introduction to Applied Statistical Methods (4 credits); SOCIOL 111 Contemporary Social Problems (4 credits); SOCIOL 180 Society, the Self, and the Changing Natural World (4 credits)",59
p0468,Part 10: Majors and Courses,Majors (listed in alphabetical order),"Cultures and Movements with tracks in Cultural Anthropology, Sociology and World History",Disciplinary Courses,115,table,"Disciplinary Courses: SOCIOL 204 Identity, Action, and Emotion (4 credits); SOCIOL 211 Social Inequality (4 credits)",16
p0470,Part 10: Majors and Courses,Majors (listed in alphabetical order),"Cultures and Movements with tracks in Cultural Anthropology, Sociology and World History",Electives,115,table,"Electives: SOCIOL 104 Love, Marriage, and Family in Comparative Perspective (4 credits); PUBPOL 106 Urbanizing China: Spatial and Social Dynamics in Chinese Cities (2 credits); CULMOVE 115 Displacement and Identity: Stories of Diasporic Migration in China and the World (2 credits); SOSC 203 The Social, Political, and Economic Implications of Immigration (4 credits); SOCIOL 205 Gender, Work, and Organizations (4 credits); CULMOVE 206 Ethnic and Religious Diversity in the Middle East (4 credits); SOCIOL 301 Race, Ethnicity, and Citizenship (4 credits); CULANTH 306 Borders, Boundaries and Ethnic Peoples in China (4 credits); SOCIOL 306 Contemporary Population Problems (4 credits); POLSCI 311/ SOCIOL 311 /PHIL 311 The Political and Social Thought of Hannah Arendt (4 credits); CULANTH 314 /POLSCI 314 Refugees and the Biopolitics of Citizenship (4 credits); SOSC 320 Data in the World: Applied Social Statistics (4 credits); ECON 333/ SOSC 333 Social and Economic Networks (4 credits)",148
p0471,Part 10: Majors and Courses,Majors (listed in alphabetical order),"Cultures and Movements with tracks in Cultural Anthropology, Sociology and World History",Divisional Foundation Courses,116,table,Divisional Foundation Courses: SOSC 101 Foundational Questions in Social Science (4 credits); ARHU 101 The Art of Interpretation: Written Texts (4 credits),22
p0473,Part 10: Majors and Courses,Majors (listed in alphabetical order),"Cultures and Movements with tracks in Cultural Anthropology, Sociology and World History",Disciplinary Courses,116,table,"Disciplinary Courses: HIST 201 History Methods and Research (4 credits); And choose one of the following five Pre-Modern World History courses; HIST 111 Ancient Roots to Global Routes (4 credits); HIST 112 History of the Indian Ocean World (4 credits); HIST 113 Peoples and Cultures of Ancient South Asia, 3500BCE-1750CE (4 credits); HIST 202 World History and Global Interactions (4 credits); HIST 312 Southeast Asia and the Rise of Global Trade (4 credits)",73
p0474,Part 10: Majors and Courses,Majors (listed in alphabetical order),"Cultures and Movements with tracks in Cultural Anthropology, Sociology and World History",Disciplinary Courses,117,table,"Disciplinary Courses: And choose one of the following three Modern World History courses; HIST 110 Historical Perspectives on Contemporary Global Issues (4 credits); HIST 313 Southeast Asia from the Age of Imperialism to the Global Cold War (4 credits); HIST 410 The Spice Race: How the Spice Trade shaped our World (4 credits); And a third 4-credit World History course (200-400 level) (i.e., history courses among the electives recommended for this major or other history courses listed under pre-modern or modern World History courses) (4 credits); And one 4-credit non-World History course (100-400 level) (i.e., any history course not listed among the electives recommended for this major) (4 credits)",109
p0476,Part 10: Majors and Courses,Majors (listed in alphabetical order),"Cultures and Movements with tracks in Cultural Anthropology, Sociology and World History",Electives,117,table,"Electives: PUBPOL 106 Urbanizing China: Spatial and Social Dynamics in Chinese Cities (2 credits); HIST 107 Gandhi and Moral Leadership (4 credits); GCULS 108 Science, Culture, and Politics (2 credits); HIST 114 Modern South Asia (4 credits); CULMOVE 115 Displacement and Identity: Stories of Diasporic Migration in China and the World (2 credits); HIST 115 Brides of the Sea: Trading Cities in the Indian Ocean World, 200BCE to 2000CE (2 credits); HIST 116 Mughal India Through the Eyes of European Travelers (2 credits); HIST 121 Pan-Africanism: Global Story of an American Idea (2 credits); HIST 204 Asia in World History (4 credits); HIST 206 World History in Seven Meals (2 credits); CULMOVE 206 Ethnic and Religious Diversity in the Middle East (4 credits); CULANTH 214/ POLSCI 214 Authoritarianism and the Struggle for Democracy in Latin America (4 credits)",138
p0477,Part 10: Majors and Courses,Majors (listed in alphabetical order),"Cultures and Movements with tracks in Cultural Anthropology, Sociology and World History",Electives,118,table,"Electives: CULANTH 306 Borders, Boundaries and Ethnic Peoples in China (4 credits); POLSCI 312 Islamic Political Thought (4 credits); HIST 314 Writing the History of War (4 credits); HIST 315/ CULANTH 315 Why Be a Bandit? (4 credits); HIST 317 The Global First World War (4 credits); HIST 411 Seeing History from the Mountains and the Seas: Ethnographic histories of Asia (4 credits); HIST 412 Global Labor History (4 credits)",70
p0478,Part 10: Majors and Courses,Majors (listed in alphabetical order),Data Science,,119,text,"The field of Data Science deals with the theories, methodologies and tools of applying statistical concepts and computational techniques to various data analysis problems related to science, engineering, medicine, business, etc. The objective is to inspect, clean, transform and model data in order to discover useful information, suggest conclusions and support decision-making. It is an emerging topic that plays a critical role in almost every discipline of today’s science and technology and has become an indispensable component.",77
p0479,Part 10: Majors and Courses,Majors (listed in alphabetical order),Data Science,,119,text,"Data science is a highly interdisciplinary field. Data Science methodologies are mostly derived from statistics theories. The computational algorithms for implementing these statistical methodologies are based upon numerical computation and optimization, and are often executed on a large-scale hardware platform composed of massive computing units and storage devices. These kinds of data analyses can be applied to a wide range of specific problems across the natural and social sciences and serve as the foundation for artificial intelligence. Data Science can be extensively applied to economics, biology, health care, quantitative social science including global health and environmental science, and humanities (e.g., digital media). Numerous new applications are being discovered, and established techniques are being applied in new ways to solve emerging problems. Meanwhile, a variety of career opportunities are open to students with appropriate training in interdisciplinary data science.",138
p0482,Part 10: Majors and Courses,Majors (listed in alphabetical order),Data Science,Interdisciplinary Courses,120,table,Interdisciplinary Courses: COMPSCI 201 Introduction to Programming and Data Structures (4 credits); STATS 302 Principles of Machine Learning (4 credits); STATS 303 Statistical Machine Learning (4 credits); STATS 401 Data Acquisition and Visualization (4 credits); STATS 402 Interdisciplinary Data Analysis (4 credits),42
p0483,Part 10: Majors and Courses,Majors (listed in alphabetical order),Data Science,Disciplinary Courses,120,table,"Disciplinary Courses: MATH 201 Multivariable Calculus (4 credits); MATH 202 Linear Algebra (4 credits); MATH 205 Probability and Statistics (4 credits); STATS 210 Probability, Random Variables and Stochastic Processes (4 credits); COMPSCI 301 Algorithms and Databases (4 credits); MATH 304 Numerical Analysis and Optimization (4 credits); MATH 305 Advanced Linear Algebra (4 credits)",53
p0485,Part 10: Majors and Courses,Majors (listed in alphabetical order),Data Science,Electives,120,table,Electives: STATS 102 Introduction to Data Science (4 credits); COMPSCI 207 Image Data Science (4 credits); ECON 211 Intelligent Economics: An Explainable AI approach (4 credits); COMPSCI 302 Computer Vision (4 credits),32
p0486,Part 10: Majors and Courses,Majors (listed in alphabetical order),Data Science,Electives,121,table,Electives: COMPSCI 303 Search Engines (4 credits); COMPSCI 304 Speech Recognition (4 credits); STATS 304 Bayesian and Modern Statistics (4 credits); COMPSCI 320 Software Reliability (4 credits); SOSC 320 Data in the World: Applied Social Statistics (4 credits); COMPSCI 401 Cloud Computing (4 credits); COMPSCI 402 Artificial Intelligence (4 credits); STATS 403 Deep Learning (4 credits); STATS 404 Probabilistic Graphical Models (4 credits),63
p0487,Part 10: Majors and Courses,Majors (listed in alphabetical order),"Environmental Science with tracks in Biogeochemistry, Biology, Chemistry, and Public Policy",,122,text,"The pressing needs for sustainable development and acceptable environmental quality are placing increasing demands upon governments and industries locally, nationally, and worldwide. To help meet those demands, the Environmental Science major provides training for students intending to enter environmental professions or to pursue graduate study in environmental science and related fields such as biology, chemistry, public health, law, and policy. The major offers an interdisciplinary course of study that combines elements of the natural and social sciences relevant to understanding the biosphere and its interaction with human society.",88
p0488,Part 10: Majors and Courses,Majors (listed in alphabetical order),"Environmental Science with tracks in Biogeochemistry, Biology, Chemistry, and Public Policy",,122,text,"The Biogeochemistry track is designed for students interested in analysis of links between environmental systems and other Earth system processes including biological, chemical, and geologic forces. Studies focus on global and local cycles of chemicals like carbon, nitrogen, and water that ultimately lead to global environmental change. Students selecting this major and track will receive interdisciplinary training in environmental science with a focus on ecosystem sciences and will be uniquely prepared to solve short and long-term challenges related to human-mediated global climate change and environmental degradation.",86
p0489,Part 10: Majors and Courses,Majors (listed in alphabetical order),"Environmental Science with tracks in Biogeochemistry, Biology, Chemistry, and Public Policy",,122,text,"The Biology track is designed for students interested in a biological perspective on environmental science. Students learn the processes that connect living organisms to their environment at the molecular, cellular, physiological, organismal, and population levels. The track is designed to encourage breadth in the life sciences and allows students to acquire depth in a chosen area of scientific concentration through the choice of electives. This track prepares students for careers in research, medicine, agriculture, and environmental management.",77
p0490,Part 10: Majors and Courses,Majors (listed in alphabetical order),"Environmental Science with tracks in Biogeochemistry, Biology, Chemistry, and Public Policy",,122,text,"The Chemistry track within the Environmental Science major is designed for students interested in a scientific perspective on environmental issues, in particular chemistry, toxicology, and pollutant fate and transport. The track is designed to encourage breadth in the physical sciences and allows students to acquire depth in a chosen area of scientific concentration through the choice of electives. This track prepares students for careers in research, chemistry, and environmental management.",70
p0491,Part 10: Majors and Courses,Majors (listed in alphabetical order),"Environmental Science with tracks in Biogeochemistry, Biology, Chemistry, and Public Policy",,122,text,"The Public Policy track is designed for students interested in the social, cultural, economic, and political aspects of environmental sciences. The track provides a healthy balance between basic sciences and public policy aspects to prepare graduates for translating this knowledge into meaningful action and innovative policy solutions.",47
p0492,Part 10: Majors and Courses,Majors (listed in alphabetical order),"Environmental Science with tracks in Biogeochemistry, Biology, Chemistry, and Public Policy",,122,text,"The Environmental Science major includes both coursework and experiential learning about the underlying science, and the social, political, legal and economic factors that both encourage and hinder environmental cooperation and competition around the world. All students pursuing this major must complete a set of required Divisional Foundational courses that provide the required background and fundamentals in the discipline essential to advanced work in the major. The major includes a set of five required interdisciplinary courses (four set courses plus one to choose from a list of three courses) which provide a well-rounded, in-depth examination of environmental science and policy issues. In addition to the foundational and interdisciplinary and disciplinary requirements, students also have the choice of a number of elective courses that provide flexibility to add depth in their specific field of study, and/or explore other subject matters as they see fit.",142
p0495,Part 10: Majors and Courses,Majors (listed in alphabetical order),"Environmental Science with tracks in Biogeochemistry, Biology, Chemistry, and Public Policy",Interdisciplinary Courses,123,table,"Interdisciplinary Courses: ENVIR 101 Introduction to Environmental Sciences (4 credits); ENVIR 102 Dynamic Earth and Oceans: Physical and Biological Sciences for the Environment (4 credits); ENVIR 201 Applied Environmental Science and Policy (4 credits); ENVIR 301 International Environmental Policy (4 credits); And choose one from the following three courses; ENVIR 202 Biodiversity and Conservation (4 credits); ENVIR/ECON 302 Environmental Economics & Policy (4 credits); ENVIR/ECON 404 Environmental Justice: The Economics of Race, Place and Pollution (4 credits)",77
p0496,Part 10: Majors and Courses,Majors (listed in alphabetical order),"Environmental Science with tracks in Biogeochemistry, Biology, Chemistry, and Public Policy",Disciplinary Courses,124,table,Disciplinary Courses: BIOL 208 General Ecology (4 credits); BIOL 311 Biogeochemistry (4 credits); And choose one from the following two courses; STATS 101 Introduction to Applied Statistical Methods (4 credits); MATH 205 Probability and Statistics (4 credits); And choose one from the following two courses; BIOL 312 Ecophysiology (4 credits); ENVIR 315 Aqueous Geochemistry (4 credits); And choose one from the following two courses; BIOL 313 Ecosystem Service (4 credits); BIOL 319 Global Change Biology (4 credits),77
p0498,Part 10: Majors and Courses,Majors (listed in alphabetical order),"Environmental Science with tracks in Biogeochemistry, Biology, Chemistry, and Public Policy",Electives,124,table,Electives: BIOL 201 Cell and Molecular Biology (4 credits); ENVIR 202 Biodiversity and Conservation (4 credits); INFOSCI 302 Introduction to Geographical Information Science (4 credits); ENVIR 304 Environmental Chemistry and Toxicology (4 credits); PUBPOL 317 Plastic Planet: Pollution and Solutions (4 credits); BIOL 318 Food Web Ecology (4 credits); BIOL 405 Microbial Ecology (4 credits); ENVIR 306 Water Pollution (4 credits),61
p0501,Part 10: Majors and Courses,Majors (listed in alphabetical order),"Environmental Science with tracks in Biogeochemistry, Biology, Chemistry, and Public Policy",Disciplinary Courses,126,table,Disciplinary Courses: BIOL 201 Cell and Molecular Biology (4 credits); CHEM 201 Organic Chemistry I (4 credits); BIOL 208 General Ecology (4 credits); BIOL 212 Microbiology (4 credits); BIOL 202 Genetics and Evolution (4 credits); BIOL 305 Introduction to Biochemistry (4 credits); And choose one from the following two courses; STATS 101 Introduction to Applied Statistical Methods (4 credits); MATH 205 Probability and Statistics (4 credits),66
p0503,Part 10: Majors and Courses,Majors (listed in alphabetical order),"Environmental Science with tracks in Biogeochemistry, Biology, Chemistry, and Public Policy",Electives,126,table,"Electives: BIOL 203 Molecular, Behavioral and Social Evolution: Evolution of Genomes, Traits, Behaviors and Societies (4 credits); GLHLTH 301 Global Health Research Methods (4 credits); INFOSCI 302 Introduction to Geographical Information Science (4 credits); BIOL 306 Cell Signaling and Diseases (4 credits); ENVIR 306 Water Pollution (4 credits); BIOL 307 Cancer Genetics (4 credits); BIOL 308 Evolution of Infectious Diseases (4 credits); BIOL 309 Comparative Vertebrate Anatomy (4 credits); BIOL 310 Developmental Biology (4 credits); PUBPOL 317 Plastic Planet: Pollution and Solutions (4 credits)",84
p0506,Part 10: Majors and Courses,Majors (listed in alphabetical order),"Environmental Science with tracks in Biogeochemistry, Biology, Chemistry, and Public Policy",Disciplinary Courses,128,table,Disciplinary Courses: PHYS 122 General Physics II (4 credits); CHEM 150 General Chemistry II (4 credits); MATH 201 Multivariable Calculus (4 credits); CHEM 201 Organic Chemistry I (4 credits); CHEM 202 Organic Chemistry II (4 credits); CHEM 301 Elements of Physical Chemistry (4 credits); CHEM 401 Analytical Chemistry (4 credits); CHEM 402 Inorganic Chemistry (4 credits),56
p0507,Part 10: Majors and Courses,Majors (listed in alphabetical order),"Environmental Science with tracks in Biogeochemistry, Biology, Chemistry, and Public Policy",Electives,128,text,Courses listed in the table below are recommended electives for the major and the course list will be updated periodically. The course list will be updated periodically.,27
p0508,Part 10: Majors and Courses,Majors (listed in alphabetical order),"Environmental Science with tracks in Biogeochemistry, Biology, Chemistry, and Public Policy",Electives,128,table,Electives: CHEM 130 Science of Cooking (4 credits); ENVIR 203 The Theory and Practice of Sustainability (4 credits); ENVIR 303 Climate Change and Society in China (4 credits); ENVIR 304 Environmental Chemistry and Toxicology (4 credits); ENVIR 306 Water Pollution (4 credits); ENVIR 311 / BIOL 311 Biogeochemistry (4 credits); ENVIR 313 / BIOL 313 Ecosystem Service (4 credits); ENVIR 315 / CHEM 315 Aqueous Geochemistry (4 credits); PUBPOL 317 Plastic Planet: Pollution and Solutions (4 credits); ENVIR 402 Chemical Transformation of Environmental Contaminants (4 credits); CHEM 403 Advanced Topics in Physical Chemistry (4 credits),95
p0509,Part 10: Majors and Courses,Majors (listed in alphabetical order),"Environmental Science with tracks in Biogeochemistry, Biology, Chemistry, and Public Policy",Divisional Foundation Courses,129,table,Divisional Foundation Courses: Choose one from the following two Math courses; MATH 101 Introductory Calculus (4 credits); MATH 105 Calculus (4 credits); And complete the following courses; SOSC 101 Foundational Questions in Social Science (4 credits); SOSC 102 Introduction to Research Methods (4 credits); BIOL 110 Integrated Science – Biology (4 credits); CHEM 110 Integrated Science – Chemistry (4 credits),60
p0511,Part 10: Majors and Courses,Majors (listed in alphabetical order),"Environmental Science with tracks in Biogeochemistry, Biology, Chemistry, and Public Policy",Disciplinary Courses,130,table,Disciplinary Courses: STATS 101 Introduction to Applied Statistical Methods (4 credits); PUBPOL 101 Introduction to Policy Analysis (4 credits); PUBPOL 301 Political Analysis for Public Policy (4 credits); PUBPOL 303 Policy Choice as Value Conflict (4 credits); And choose one course from the following two courses; ECON 201 Intermediate Microeconomics I (4 credits); PUBPOL 304 Microeconomic Policy Tools (4 credits),60
p0513,Part 10: Majors and Courses,Majors (listed in alphabetical order),"Environmental Science with tracks in Biogeochemistry, Biology, Chemistry, and Public Policy",Electives,130,table,"Electives: GCULS 108 Science, Culture, and Politics (2 credits); PUBPOL 201 Climate Change Law and Policy (4 credits); PUBPOL 202 Global Disasters: Science and Policy (4 credits); ENVIR 203 The Theory and Practice of Sustainability (4 credits); ENVIR 204 Global Environmental Issues and Policies (2 credits); PUBPOL 209 The Politics of Environmental Crises (2 credits); PUBPOL 220 Introduction to Regulatory Governance (4 credits); INFOSCI 302 Introduction to Geographical Information Science (4 credits); ENVIR 303 Climate Change and Society in China (4 credits); ENVIR 305 Environment and Development Economics in Developing Countries (4 credits); ENVIR 306 Water Pollution (4 credits); PUBPOL 317 Plastic Planet: Pollution and Solutions (4 credits); PUBPOL 318 How to Change the World: The Role of Non-State Actors (4 credits)",122
p0514,Part 10: Majors and Courses,Majors (listed in alphabetical order),"Environmental Science with tracks in Biogeochemistry, Biology, Chemistry, and Public Policy",Electives,131,table,Electives: SOSC 320 Data in the World: Applied Social Statistics (4 credits); ENVIR 403 Energy Economics and Policy (4 credits),20
p0515,Part 10: Majors and Courses,Majors (listed in alphabetical order),"Ethics and Leadership with tracks in Philosophy, Public Policy, Religious Studies",,132,text,"The human sciences have made significant advances in understanding what makes for effective leaders and organizations and the qualities of character needed to make sound decisions. For example, social and organizational psychology and history have identified qualities of leaders and group dynamics that foster loyalty, trust, and creativity. Political science, economics and history have explored different models for supportive and regulatory relationships between governments and markets. Expertise of this kind is crucial for enabling leaders to deal with the challenges posed by globalization, climate change, and profound changes in technology that are drastically altering the kinds of work available in a constantly changing economy.",104
p0516,Part 10: Majors and Courses,Majors (listed in alphabetical order),"Ethics and Leadership with tracks in Philosophy, Public Policy, Religious Studies",,132,text,"The Ethics and Leadership major meets a critical need to integrate such expertise from the human sciences with the best of thought from philosophy, religion, psychology, and literature about the ultimate ends of human life, about right and wrong, rights, duties and the common good. Leaders need the ability to see, frame, and think wisely about the ethical issues that confront them. The major is not just for those who aspire to hold political office or high-ranking positions within various organizations. Citizens or members of organizations should have thoughtful and informed conceptions of what makes a good leader, so that they may choose wisely or be prepared to become one. People often serve as leaders or co-leaders in smaller groups within their organizations. People find themselves in social contexts where they may be called upon to lead, and they may decide to do so simply not because they desired to be leaders all along, but because they are needed.",159
p0517,Part 10: Majors and Courses,Majors (listed in alphabetical order),"Ethics and Leadership with tracks in Philosophy, Public Policy, Religious Studies",,132,text,"This interdisciplinary major, drawing from fields such as philosophy, political theory, history, literature, religion, and the social and natural sciences, seeks to provide students with the specific expertise that is needed to address issues such as global health, pollution and the environment or regulation of corporations and markets. Students will be encouraged and guided in the task of framing specific expertise with a broader and deeper framework of thinking about what kinds of leaders and citizens they should be, and what their ultimate values ought to be. The major will encourage them to know more and to think more deeply about their own cultural tradition, but also will take them through different traditions of thought about how to make ethical decisions, about the virtues of leaders, the virtues of those they lead, and the right relationship between the two.",139
p0518,Part 10: Majors and Courses,Majors (listed in alphabetical order),"Ethics and Leadership with tracks in Philosophy, Public Policy, Religious Studies",,132,text,"Students will be encouraged to identify and form views about the differences as well as the similarities between different cultural traditions of thought about these matters, as well as about ultimate values that go into thinking about justice and the good life and how such values relate to conceptions of human spirituality, the divine, and the sacred, how this affects the way human beings relate to one another and with the natural world. Such global perspectives, rooted in one’s own traditions, are more than ever crucial for leadership. Students can choose among three disciplinary tracks: Philosophy, Religious Studies, and Public Policy.",101
p0521,Part 10: Majors and Courses,Majors (listed in alphabetical order),"Ethics and Leadership with tracks in Philosophy, Public Policy, Religious Studies",Interdisciplinary Courses,133,table,"Interdisciplinary Courses: ETHLDR 101 Ethics and Leadership (4 credits); ETHLDR 202 Ethics, Markets, and Politics (4 credits); ETHLDR 203 Conceptions of Democracy and Meritocracy (4 credits); ETHLDR 390 Junior Seminar: Advanced Topics (4 credits); ETHLDR 490 Senior Seminar: Advanced Topics (4 credits); And choose two courses from the following six courses; ETHLDR 204 Environmental Ethics (4 credits); ETHLDR 205 Trust and Cross-Cultural Leadership (4 credits); ETHLDR 206 Global Justice and Health Care (4 credits); ETHLDR 209 The Psychology of Justice (4 credits); ETHLDR 301 Ethics of Nudging (4 credits); ETHLDR 302 The Sociology of Morality and Politics (4 credits)",99
p0522,Part 10: Majors and Courses,Majors (listed in alphabetical order),"Ethics and Leadership with tracks in Philosophy, Public Policy, Religious Studies",Disciplinary Courses,134,table,Disciplinary Courses: PHIL 101 Introduction to Western Philosophy (4 credits); PHIL 102 Introduction to Classical Chinese Philosophy (4 credits); PHIL 105 History of Modern European Philosophy (4 credits); PHIL 204 Theory of Knowledge (4 credits); PHIL 205 Logic (4 credits),40
p0524,Part 10: Majors and Courses,Majors (listed in alphabetical order),"Ethics and Leadership with tracks in Philosophy, Public Policy, Religious Studies",Electives,134,table,"Electives: PHIL 103 Chinese and Mediterranean Philosophy (4 credits); PHIL 106 Global Philosophy (4 credits); PHIL 107 What’s the Right Thing to Do? Ethics and Justice in the Modern World (4 credits); ETHLDR 108 Democracy and Inclusion: Hopes, Prospects, Dilemmas (2 credits); GCULS 108 Science, Culture, and Politics (2 credits); PHIL 108 Philosophy and Ethics of Artificial Intelligence (2 credits); PHIL 109 Philosophy Through Computer Science (2 credits); PHIL 110 Philosophy and Sport (2 credits); PHIL 111 Non-Human Animal Ethics (2 credits); PHIL 112 Thinking and Doing (2 credits); PHIL 202 Problems in Philosophy of Science (4 credits); POLSCI 204 The U.S. Constitution and its Critics (4 credits); PHIL 206 Climate Change Ethics (2 credits); PHIL 301 Philosophy of Mind (4 credits)",122
p0525,Part 10: Majors and Courses,Majors (listed in alphabetical order),"Ethics and Leadership with tracks in Philosophy, Public Policy, Religious Studies",Electives,135,table,Electives: POLSCI 311/ SOCIOL 311 /PHIL 311 The Political and Social Thought of Hannah Arendt (4 credits); POLSCI 312 Islamic Political Thought (4 credits); POLSCI 313 /PSYCH 313 Political Psychology (4 credits),32
p0526,Part 10: Majors and Courses,Majors (listed in alphabetical order),"Ethics and Leadership with tracks in Philosophy, Public Policy, Religious Studies",Divisional Foundation Courses,136,table,Divisional Foundation Courses: ARHU 101 The Art of Interpretation: Written Texts (4 credits); SOSC 101 Foundational Questions in Social Science (4 credits); SOSC 102 Introduction to Research Methods (4 credits),30
p0530,Part 10: Majors and Courses,Majors (listed in alphabetical order),"Ethics and Leadership with tracks in Philosophy, Public Policy, Religious Studies",Electives,137,table,"Electives: ETHLDR 108 Democracy and Inclusion: Hopes, Prospects, Dilemmas (2 credits); GCULS 108 Science, Culture, and Politics (2 credits); POLSCI 204 The U.S. Constitution and its Critics (4 credits); PUBPOL 110 Introduction to Human Rights (4 credits); PUBPOL 215 Law, Ethics and Responsibility (4 credits); PUBPOL 217 Enterprising Leadership (4 credits); PUBPOL 218 Ethics in an Unjust World (4 credits); PUBPOL 220 Introduction to Regulatory Governance (4 credits); PUBPOL 310 Family Rights and Human Rights (2 credits); PUBPOL 312 News as Moral Battleground (4 credits); POLSCI 313 /PSYCH 313 Political Psychology (4 credits)",93
p0531,Part 10: Majors and Courses,Majors (listed in alphabetical order),"Ethics and Leadership with tracks in Philosophy, Public Policy, Religious Studies",Electives,138,table,Electives: PUBPOL 317 Plastic Planet: Pollution and Solutions (4 credits); PUBPOL 318 How to Change the World: The Role of Non-State Actors (4 credits),24
p0534,Part 10: Majors and Courses,Majors (listed in alphabetical order),"Ethics and Leadership with tracks in Philosophy, Public Policy, Religious Studies",Disciplinary Courses,140,table,"Disciplinary Courses: RELIG 101 Comparative Religious Studies (4 credits); RELIG 106 Religion and Leadership (4 credits); RELIG 201 Confucianism, Daoism and Buddhism (4 credits); RELIG 203 Judaism, Christianity, and Islam (4 credits); RELIG 302 Religious and Philosophical Thought on the Environment (4 credits)",43
p0536,Part 10: Majors and Courses,Majors (listed in alphabetical order),"Ethics and Leadership with tracks in Philosophy, Public Policy, Religious Studies",Electives,140,table,Electives: RELIG 102 Prophets and Priests (4 credits); RELIG 103 Law and Revelation (4 credits); RELIG 104 Myth and Nation (4 credits); RELIG 105 Gods and People (4 credits); RELIG 107 Readings in Religious Literature (2 credits); RELIG 202 Modern Buddhism (4 credits); RELIG 204 The Problem of Evil (4 credits); CULMOVE 206 Ethnic and Religious Diversity in the Middle East (4 credits); RELIG 303 The Human Condition (4 credits); RELIG 304 Ethics in Religious Perspective (4 credits); POLSCI 312 Islamic Political Thought (4 credits); POLSCI 313 / PSYCH 313 Political Psychology (4 credits),94
p0537,Part 10: Majors and Courses,Majors (listed in alphabetical order),"Global China Studies with tracks in Chinese History, Economics, Philosophy, Political Science and Religious Studies",,141,text,"This major prepares students to engage, work with, and understand China in the twenty-first century. It provides students with opportunities to gain deep historical knowledge of China in the ancient, pre-modern, and modern periods, while focusing on the place and impact of China in the world—past, present, and future. Students will be exposed to debates about China’s philosophical traditions and their force in shaping China’s history and present; the political dynamics of development, decision-making, and grassroots protest; the importance of religion, entrepreneurialism, innovation, and social networks in China and beyond its borders; and the role of digital media, visual culture, and the internet in everyday social, economic and political life.",110
p0538,Part 10: Majors and Courses,Majors (listed in alphabetical order),"Global China Studies with tracks in Chinese History, Economics, Philosophy, Political Science and Religious Studies",,141,text,"This major recognizes that China has continually had a global presence for many centuries, deeply influencing people, cultures, technologies, ecologies and economies elsewhere in our world, and that its influence is now deepening even further as China prepares to become a major player in the realm of global politics and economics. This major will query the meanings of “China” as a nationstate, a region, and culture in a global setting, and provide students with a new set of analytical and critical thinking skills in order to purposefully engage the changing landscape of academics, business, government, policy, and the arts. This major has tracks in Chinese History, Economics, Philosophy, Religious Studies and Political Science.",113
p0539,Part 10: Majors and Courses,Majors (listed in alphabetical order),"Global China Studies with tracks in Chinese History, Economics, Philosophy, Political Science and Religious Studies",,141,text,"The major in Global China Studies prepares students for a world in which China—and Chinese firms, organizations, and individuals—are at the center of shaping the 21st century. It prepares international students for their lifelong engagement with China: its polity, economy, and society. It prepares Chinese students to navigate the wider world with a firm understanding of their own roots, their unique history and institutions, and the ability to see their own country as others see it. It prepares students for careers in business, the professions, and public service with a foundational knowledge of China’s global role, past, present and future.",100
p0542,Part 10: Majors and Courses,Majors (listed in alphabetical order),"Global China Studies with tracks in Chinese History, Economics, Philosophy, Political Science and Religious Studies",Interdisciplinary Courses,142,table,Interdisciplinary Courses: GCHINA 201 From Empire to Nation (4 credits); GCHINA 202 Modern Chinese Politics (4 credits); GCHINA 203 Visual China (4 credits); GCHINA 301/ POLECON 302 China’s Economic Transition (4 credits); GCHINA 302 The Factory: From Socialist Industrialism to World Assembly (4 credits); GCHINA 390 Junior Seminar: Advanced Topics (4 credits); GCHINA 490 Senior Seminar: Advanced Topics (4 credits),60
p0543,Part 10: Majors and Courses,Majors (listed in alphabetical order),"Global China Studies with tracks in Chinese History, Economics, Philosophy, Political Science and Religious Studies",Disciplinary Courses,142,table,"Disciplinary Courses: Take one of the following two Pre-Modern Chinese History courses; HIST 101 Ancient Chinese History (4 credits); HIST 102 Medieval Chinese History (4 credits); And take the following two courses; HIST 103 Premodern Chinese History (4 credits); HIST 201 History Methods and Research (4 credits); And an additional 4-credit Chinese History course (200-400 level) (i.e., history courses among the electives recommended for this major) (4 credits); And one 4-credit non-Chinese History course (100-400 level) (i.e., any history course not listed among the electives recommended for this major) (4 credits)",91
p0545,Part 10: Majors and Courses,Majors (listed in alphabetical order),"Global China Studies with tracks in Chinese History, Economics, Philosophy, Political Science and Religious Studies",Electives,143,table,"Electives: POLECON 105 China and the Global South (2 credits); HIST 108 Shanghai Nightscapes: A Nocturnal History of the City (2 credits); LIT 108 / MEDIART 108 Love and Dreams on the Chinese Stage (2 credits); HIST 109 Everyday Maoism in Objects: Revolution, Culture, and Life (2 credits); CULMOVE 115 Displacement and Identity: Stories of Diasporic Migration in China and the World (2 credits); HIST 117 Sounds and the Chinese City: Live Music Scenes in Urban China (2 credits); HIST 205 Shanghai: From Treaty Port to Global Metropolis (4 credits); HIST 217 / MEDIART 217 Ancient and Imperial Chinese Art (4 credits); HIST 301 China in Global Perspective 1: China and the Silk Roads World: 500-1500 (4 credits); HIST 302 China in Global Perspective 2: The Internationalization of Modern China (4 credits); HIST 303 China and the US Comparative 1: The United States and China in War and Revolution (4 credits); HIST 304 China and the US Comparative 2 The World of Universities in China and the United States (4 credits);",171
p0546,Part 10: Majors and Courses,Majors (listed in alphabetical order),"Global China Studies with tracks in Chinese History, Economics, Philosophy, Political Science and Religious Studies",Electives,143,table,"HIST 305 Special Topics course in History of Chinese Institutions (4 credits); HIST 306 The United States and China in War and Revolution (4 credits); CULANTH 306 Borders, Boundaries and Ethnic Peoples in China (4 credits)",36
p0547,Part 10: Majors and Courses,Majors (listed in alphabetical order),"Global China Studies with tracks in Chinese History, Economics, Philosophy, Political Science and Religious Studies",Divisional Foundation Courses,144,table,Divisional Foundation Courses: SOSC 101 Foundational Questions in Social Science (4 credits); STATS 101 Introduction to Applied Statistical Methods (4 credits); And take one of the following two math courses; MATH 101 Introductory Calculus (4 credits); MATH 105 Calculus (4 credits),41
p0549,Part 10: Majors and Courses,Majors (listed in alphabetical order),"Global China Studies with tracks in Chinese History, Economics, Philosophy, Political Science and Religious Studies",Disciplinary Courses,144,table,Disciplinary Courses: ECON 101 Economics Principles (4 credits); ECON 201 Intermediate Microeconomics I (4 credits); ECON 202 Intermediate Microeconomics II (4 credits); ECON 203 Introduction to Econometrics (4 credits); ECON 204 Intermediate Macroeconomics (4 credits),35
p0551,Part 10: Majors and Courses,Majors (listed in alphabetical order),"Global China Studies with tracks in Chinese History, Economics, Philosophy, Political Science and Religious Studies",Electives,145,table,"Electives: POLECON 105 China and the Global South (2 credits); COMPSCI 206 / ECON 206 Computational Microeconomics (4 credits); ECON 211 Intelligent Economics: An Explainable AI approach (4 credits); ECON 301 Health Economics (4 credits); ECON 302/ENVIR 302 Environmental Economics & Policy (4 credits); ECON 303 Financial Institutions (4 credits); ECON 304 Economic Growth (4 credits); ECON 307 History of Monetary & International Crises (4 credits); ECON 308 Economic History and Modernization of the Islamic Middle East (4 credits); ECON 309 Behavioral Finance (4 credits); ECON 310 Urban Economics (4 credits); ECON 314 International Trade (4 credits); MATH 316 / ECON 316 Discrete Time Finance (4 credits); ECON 401 Competitive Strategy & Industrial Organization (4 credits); ECON 402 International Finance (4 credits); ECON 404/ENVIR 404 Environmental Justice: The Economics of Race, Place and Pollution (4 credits); POLSCI 307 Political Economy of Institutions (4 credits); POLECON 401 / GCHINA 401 Political Economy of the Chinese Reform (4 credits)",157
p0556,Part 10: Majors and Courses,Majors (listed in alphabetical order),"Global China Studies with tracks in Chinese History, Economics, Philosophy, Political Science and Religious Studies",Electives,147,table,Electives: PHIL 103 Chinese and Mediterranean Philosophy (4 credits); PHIL 106 Global Philosophy (4 credits); PHIL 107 What’s the Right Thing to Do? Ethics and Justice in the Modern World (4 credits); PHIL 108 Philosophy and Ethics of Artificial Intelligence (2 credits); PHIL 109 Philosophy Through Computer Science (2 credits); PHIL 110 Philosophy and Sport (2 credits); PHIL 112 Thinking and Doing (2 credits); PHIL 202 Problems in Philosophy of Science (4 credits); PHIL 301 Philosophy of Mind (4 credits); POLSCI 311/ SOCIOL 311 / PHIL 311 The Political and Social Thought of Hannah Arendt (4 credits),97
p0557,Part 10: Majors and Courses,Majors (listed in alphabetical order),"Global China Studies with tracks in Chinese History, Economics, Philosophy, Political Science and Religious Studies",Divisional Foundation Courses,148,table,Divisional Foundation Courses: SOSC 101 Foundational Questions in Social Science (4 credits); ARHU 101 The Art of Interpretation: Written Texts (4 credits); STATS 101 Introduction to Applied Statistical Methods (4 credits),31
p0559,Part 10: Majors and Courses,Majors (listed in alphabetical order),"Global China Studies with tracks in Chinese History, Economics, Philosophy, Political Science and Religious Studies",Disciplinary Courses,148,table,Disciplinary Courses: POLSCI 101 International Politics (4 credits); POLSCI 201 Political Institutions and Processes (4 credits); ETHLDR 203 Conceptions of Democracy and Meritocracy (4 credits); POLSCI 303 International Politics of East Asia (4 credits); POLSCI 302 Public Opinion (4 credits),40
p0561,Part 10: Majors and Courses,Majors (listed in alphabetical order),"Global China Studies with tracks in Chinese History, Economics, Philosophy, Political Science and Religious Studies",Electives,149,table,"Electives: POLSCI 102 Social Choice and Democracy (4 credits); POLSCI 105 Contemporary Political Ideologies (2 credits); POLECON 105 China and the Global South (2 credits); CULMOVE 115 Displacement and Identity: Stories of Diasporic Migration in China and the World (2 credits); POLSCI 208 Political and Social Inequality (4 credits); POLSCI 209 Democratic Erosion (2 credits); POLSCI 210 International Relations in East Asia (4 credits); POLSCI 211/LIT 211 Politics and Literature (4 credits); POLSCI 212 Pathologies of Modern Society: Foundational Ideas (4 credits); POLSCI 216 War and Peace: Foundations of the International Political Order (2 credits); POLSCI 221 US/China Relations (4 credits); POLSCI 303 International Politics of East Asia (4 credits); CULANTH 306 Borders, Boundaries and Ethnic Peoples in China (4 credits); POLSCI 307 Political Economy of Institutions (4 credits); POLSCI 308 Global Governance (4 credits); POLSCI 311/ SOCIOL 311 /PHIL 311 The Political and Social Thought of Hannah Arendt (4 credits); POLSCI 313 /PSYCH 313 Political Psychology (4 credits); SOSC 320 Data in the World: Applied Social Statistics (4 credits);",170
p0562,Part 10: Majors and Courses,Majors (listed in alphabetical order),"Global China Studies with tracks in Chinese History, Economics, Philosophy, Political Science and Religious Studies",Electives,149,table,POLECON 401 /GCHINA 401 Political Economy of the Chinese Reform (4 credits),12
p0567,Part 10: Majors and Courses,Majors (listed in alphabetical order),"Global China Studies with tracks in Chinese History, Economics, Philosophy, Political Science and Religious Studies",Electives,151,table,"Electives: RELIG 102 Prophets and Priests (4 credits); PHIL 102 Introduction to Classical Chinese Philosophy (4 credits); RELIG 103 Law and Revelation (4 credits); PHIL 103 Chinese and Mediterranean Philosophy (4 credits); RELIG 104 Myth and Nation (4 credits); RELIG 105 Gods and People (4 credits); RELIG 107 Readings in Religious Literature (2 credits); RELIG 202 Modern Buddhism (4 credits); RELIG 204 The Problem of Evil (4 credits); RELIG 303 The Human Condition (4 credits); RELIG 304 Ethics in Religious Perspective (4 credits); CULANTH 306 Borders, Boundaries and Ethnic Peoples in China (4 credits)",94
p0568,Part 10: Majors and Courses,Majors (listed in alphabetical order),Global Cultural Studies with tracks in World History and World Literature,,152,text,"Cultural Studies is an interdisciplinary field of research and teaching that investigates the forms of life and culture produced in today’s interconnected world. Combining the strengths of the social sciences and the humanities, and drawing on methods and theories from literary studies, cultural anthropology, history, sociology, media studies, film studies, communications, economics, etc., Cultural Studies explores ways in which “culture” creates and transforms individual experiences, everyday life, social relations and power. With its attentiveness to power relations, hegemony, inequality and diversity, Cultural Studies has a productive role to play in building a better world. Put simply, Cultural Studies is not just an abstract academic field but a production of knowledge that has real world implications.",115
p0569,Part 10: Majors and Courses,Majors (listed in alphabetical order),Global Cultural Studies with tracks in World History and World Literature,,152,text,"Focusing on the practical and theoretical issues arising from cross-cultural encounters around the world, Cultural Studies examines conventional cultural products (literature, history, film, visual art, music, social media, new technology, etc.) and also their broader political and social contexts (colonialism, modernity, capitalism, etc.). In today's era of economic globalization and neoliberal restructuring, the language of culture is increasingly heard in debates about issues as diverse as nationalism, political conflicts, human rights, immigration, trade, the environment, media, history, literacy, and education. In the new millennium, increasing students’ capacity to live with and understand the heterogeneity and flux that characterize global flows of people, culture, and capital is of paramount importance. The major in Global Cultural Studies has tracks in World Literature and in World History and imparts students with skills and competency in critical thinking, cultural analysis, and communication for careers in education, creative industry, NGOs and international business and law.",150
p0571,Part 10: Majors and Courses,Majors (listed in alphabetical order),Global Cultural Studies with tracks in World History and World Literature,Divisional Foundation Courses,153,table,Divisional Foundation Courses: ARHU 101 The Art of Interpretation: Written Texts (4 credits); ARHU 102 The Art of Interpretation: Images and Sound (4 credits),24
p0572,Part 10: Majors and Courses,Majors (listed in alphabetical order),Global Cultural Studies with tracks in World History and World Literature,Interdisciplinary Courses,153,table,"Interdisciplinary Courses: GCULS 105 Critical Comparative Studies (4 credits); GCULS 201 Culture and Industry (4 credits); CULMOVE 201 Migration, Inequality and Culture (4 credits); GCULS 202 Empires and Culture (4 credits); GCULS 302 Gender and Globality (4 credits); GCULS 390 Junior Seminar: Advanced Topics (4 credits); GCULS 490 Senior Seminar: Advanced Topics (4 credits)",54
p0573,Part 10: Majors and Courses,Majors (listed in alphabetical order),Global Cultural Studies with tracks in World History and World Literature,Disciplinary Courses,154,table,"Disciplinary Courses: HIST 201 History Methods and Research (4 credits); And choose one of the following five Pre-Modern World History courses; HIST 111 Ancient Roots to Global Routes (4 credits); HIST 112 History of the Indian Ocean World (4 credits); HIST 113 Peoples and Cultures of Ancient South Asia, 3500BCE-1750CE (4 credits); HIST 202 World History and Global Interactions (4 credits); HIST 312 Southeast Asia and the Rise of Global Trade (4 credits); And choose one of the following three Modern World History courses; HIST 110 Historical Perspectives on Contemporary Global Issues (4 credits); HIST 313 Southeast Asia from the Age of Imperialism to the Global Cold War (4 credits); HIST 410 The Spice Race: How the Spice Trade shaped our World (4 credits); And a third 4-credit World History course (200-400 level) (i.e., history courses among the electives recommended for this major or other history courses listed under pre-modern or modern World History courses) (4 credits); And one 4-credit non-World History course (100-400 level) (i.e., any history course not listed among the electives recommended for this major) (4 credits)",180
p0575,Part 10: Majors and Courses,Majors (listed in alphabetical order),Global Cultural Studies with tracks in World History and World Literature,Electives,154,table,"Electives: GCULS 107 Berlin-Paris: Sex, Cigarettes, and the Meaning of Life (2 credits); HIST 107 Gandhi and Moral Leadership (4 credits); GCULS 108 Science, Culture, and Politics (2 credits); MEDIART 112 Race on Film (2 credits)",36
p0576,Part 10: Majors and Courses,Majors (listed in alphabetical order),Global Cultural Studies with tracks in World History and World Literature,Electives,155,table,"Electives: HIST 114 Modern South Asia (4 credits); MEDIART 114 Film Musicals and Musical Films (2 credits); CULMOVE 115 Displacement and Identity: Stories of Diasporic Migration in China and the World (2 credits); HIST 115 Brides of the Sea: Trading Cities in the Indian Ocean World, 200BCE to 2000CE (2 credits); HIST 116 Mughal India Through the Eyes of European Travelers (2 credits); HIST 121 Pan-Africanism: Global Story of an American Idea (2 credits); HIST 204 Asia in World History (4 credits); CULMOVE 206 Ethnic and Religious Diversity in the Middle East (4 credits); HIST 206 World History in Seven Meals (2 credits); HIST 209 Refugees and War since 1914 (4 credits); MEDIART 215 Documenting City Life (2 credits); CULANTH 214/POLSCI 214 Authoritarianism and the Struggle for Democracy in Latin America (4 credits); GCULS 305 Translation for Stage and Screen (4 credits); CULANTH 306 Borders, Boundaries and Ethnic Peoples in China (4 credits); POLSCI 312 Islamic Political Thought (4 credits); HIST 314 Writing the History of War (4 credits); HIST 315/ CULANTH 315 Why Be a Bandit? (4 credits);",179
p0577,Part 10: Majors and Courses,Majors (listed in alphabetical order),Global Cultural Studies with tracks in World History and World Literature,Electives,155,table,HIST 317 The Global First World War (4 credits); MEDIART 405/ GCULS 405 The Curatorial: Theory and Practice (4 credits); HIST 411 Seeing History from the Mountains and the Seas: Ethnographic histories of Asia (4 credits); HIST 412 Global Labor History (4 credits),43
p0580,Part 10: Majors and Courses,Majors (listed in alphabetical order),Global Cultural Studies with tracks in World History and World Literature,Disciplinary Courses,156,table,Disciplinary Courses: LIT 203 Reading Empire (4 credits); LIT 209 Critical Inter-Asia: Rethinking Local and Global Connections (4 credits); LIT 214 Introduction to Literary Research Writ Large (4 credits); And two 4-credit courses (300 level or above) from World Literature Electives (8 credits),43
p0582,Part 10: Majors and Courses,Majors (listed in alphabetical order),Global Cultural Studies with tracks in World History and World Literature,Electives,157,table,"Electives: GCULS 106 Our Cities and Ourselves (2 credits); GCULS 107 Berlin-Paris: Sex, Cigarettes, and the Meaning of Life (2 credits); LIT 107 From Data to Narrative: A Workshop in Non-fiction Writing (2 credits); GCULS 108 Science, Culture, and Politics (2 credits); LIT 109 Writing Stories for Children (2 credits); MEDIART 112 Race on Film (2 credits); MEDIART 114 Film Musicals and Musical Films (2 credits); CULMOVE 115 Displacement and Identity: Stories of Diasporic Migration in China and the World (2 credits); LIT 204 Online Novels and the Chinese Public Sphere (4 credits); LIT 208 From Cool Japan to the Korean Wave: Popular Culture from East Asia (4 credits); LIT 210 Robots and Monsters: Unruly Human Creations in World Literature (4 credits); LIT 211/ POLSCI 211 Politics and Literature (4 credits); LIT 212 Extinctionism: Representing the Survival of the Fittest in Literature and Culture (4 credits); LIT 213 Literature and Global Citizenship (4 credits); MEDIART 215 Documenting City Life (2 credits); GCULS 301 Religion and Sexuality (4 credits); GCULS 303 Chinatowns: A Cultural History (4 credits);",176
p0583,Part 10: Majors and Courses,Majors (listed in alphabetical order),Global Cultural Studies with tracks in World History and World Literature,Electives,157,table,GCULS 304 Chinese Culture and Ideology in the 20th Century and Now (4 credits); GCULS 305 Translation for Stage and Screen (4 credits); LIT 306 Melodrama East and West (4 credits),31
p0584,Part 10: Majors and Courses,Majors (listed in alphabetical order),Global Cultural Studies with tracks in World History and World Literature,Electives,158,table,"Electives: LIT 307 Digital Storytelling (4 credits); GCULS 401 Games and Culture: Politics, Pleasure and Pedagogy (4 credits); GCULS 402 Digital Tribes (4 credits); MEDIART 405 / GCULS 405 The Curatorial: Theory and Practice (4 credits)",36
p0585,Part 10: Majors and Courses,Majors (listed in alphabetical order),Global Health with Tracks in Biology and Public Policy,,159,text,"The global health major introduces students to global health as an area of study, research, and practice that places a priority on improving health and achieving equity in health for all people worldwide. A synthesis of population-based prevention with individual-level clinical care, global health aims to reduce health disparities through attention to modifiable determinants of health and provision of sustainable health services and human development. As a field of study, global health has emerged from tropical medicine, public health, and international health to encompass the complex transactions between societies that are a defining feature of globalization. Because many global health problems stem from economic, social, environmental, political, and healthcare inequalities, defining these problems and designing solutions is highly interdisciplinary and involves fields that span across health sciences, medicine, and public health, but also that bridge to a broad range of academic fields, including biology, agriculture, anthropology, business, computer science, engineering, environmental sciences, economics, history, law, psychology, public policy, and sociology, among others.",162
p0586,Part 10: Majors and Courses,Majors (listed in alphabetical order),Global Health with Tracks in Biology and Public Policy,,159,text,"To introduce students to this interdisciplinary field, the global health major integrates courses in the natural and social sciences and encourages students to take relevant electives in the humanities.",29
p0587,Part 10: Majors and Courses,Majors (listed in alphabetical order),Global Health with Tracks in Biology and Public Policy,,159,text,"Health issues do not know borders. The advances in transportation and the increasing amount of human travel propels nations to address health issues in a timely manner and more deeply than ever before. Given the size of China’s population and its geographic location, there is no better place for students to immerse themselves in the study of global health. Every nation has faced challenges related to global health: from HIV/AIDS to Ebola, COVID-19, and SARS, as well as health issues that arise from poverty, famine and natural disasters. The opportunity for students to study these issues in China will not just provide a generation of global health experts for China itself, but also for the entire world.",117
p0588,Part 10: Majors and Courses,Majors (listed in alphabetical order),Global Health with Tracks in Biology and Public Policy,,159,text,"The Biology track within the Global Health major is designed for students interested in a biological perspective on global health, in particular cell and molecular biology, infectious diseases, microbiology, and anatomy and physiology. The track is designed to encourage breadth in the life sciences but also allows students to acquire depth in a chosen area of scientific concentration through the choice of electives, as is encouraged for students who desire to pursue graduate studies or intend to pursue a career in research. The Public Policy track is designed for students most interested in the social, cultural, economic, and political aspects of global health. The track provides a healthy balance between basic sciences and public policy aspects to prepare graduates for translating this knowledge into meaningful action and innovative policy solutions.",130
p0591,Part 10: Majors and Courses,Majors (listed in alphabetical order),Global Health with Tracks in Biology and Public Policy,Interdisciplinary Courses,160,table,Interdisciplinary Courses: GLHLTH 101 Introduction to Global Health (4 credits); GLHLTH 201 Global Health Ethics (4 credits); GLHLTH 302 Social Determinants of Health (4 credits); And choose one from the following three courses; GLHLTH 203 Global Disease Control Programs and Policies (4 credits); GLHLTH 303 Global Comparative Health Care Systems (4 credits); GLHLTH 304 Global Health Governance and Policy (4 credits); And choose one from the following four courses; GLHLTH 110 Ecosystem Health and Human Well-Being (4 credits),78
p0592,Part 10: Majors and Courses,Majors (listed in alphabetical order),Global Health with Tracks in Biology and Public Policy,Interdisciplinary Courses,161,table,Interdisciplinary Courses: GLHLTH 305 Biological Basis of Disease (4 credits); GLHLTH 306 Evolution of Health and Disease (4 credits); GLHLTH 307 Global Mental Health (4 credits),26
p0595,Part 10: Majors and Courses,Majors (listed in alphabetical order),Global Health with Tracks in Biology and Public Policy,Electives,161,table,"Electives: BIOL 203 Molecular, Behavioral and Social Evolution: Evolution of Genomes, Traits, Behaviors and Societies (4 credits); GLHLTH 301 Global Health Research Methods (4 credits); INFOSCI 302 Introduction to Geographical Information Science (4 credits); BIOL 306 Cell Signaling and Diseases (4 credits); ENVIR 306 Water Pollution (4 credits); BIOL 307 Cancer Genetics (4 credits)",54
p0596,Part 10: Majors and Courses,Majors (listed in alphabetical order),Global Health with Tracks in Biology and Public Policy,Electives,162,table,Electives: BIOL 308 Evolution of Infectious Diseases (4 credits); BIOL 309 Comparative Vertebrate Anatomy (4 credits); BIOL 310 Developmental Biology (4 credits),22
p0597,Part 10: Majors and Courses,Majors (listed in alphabetical order),Global Health with Tracks in Biology and Public Policy,Divisional Foundation Courses,163,table,Divisional Foundation Courses: SOSC 101 Foundational Questions in Social Science (4 credits); SOSC 102 Introduction to Research Methods (4 credits); BIOL 110 Integrated Science - Biology (4 credits); And choose one of the following two math courses; MATH 101 Introductory Calculus (4 credits); MATH 105 Calculus (4 credits),48
p0601,Part 10: Majors and Courses,Majors (listed in alphabetical order),Global Health with Tracks in Biology and Public Policy,Electives,164,table,"Electives: PUBPOL 102 Introduction to the United States Health Care System (4 credits); GCULS 108 Science, Culture, and Politics (2 credits); GLHLTH 202 Media and Health Communication (4 credits); PUBPOL 220 Introduction to Regulatory Governance (4 credits); GLHLTH 301 Global Health Research Methods (4 credits); INFOSCI 302 Introduction to Geographical Information Science (4 credits); PUBPOL 305 War and Public Health in Africa (4 credits); ENVIR 306 Water Pollution (4 credits); PUBPOL 306 International Development and Poverty (4 credits); SOCIOL 306 Contemporary Population Problems (4 credits); PUBPOL 317 Plastic Planet: Pollution and Solutions (4 credits); PUBPOL 318 How to Change the World: The Role of Non-State Actors (4 credits); SOSC 320 Data in the World: Applied Social Statistics (4 credits)",119
p0602,Part 10: Majors and Courses,Majors (listed in alphabetical order),"Institutions and Governance with tracks in Economics, Political Science, and Public Policy",,165,text,"The Institutions and Governance major enables students to study the formal and informal rules that societies use to govern themselves at the local, national, and global levels. By focusing on institutions and governance as a guiding framework, students can better understand the dynamics of wealth and poverty, innovation versus technological/economic stagnation, and stability versus turmoil in different states and societies. Students in this major will be exposed to the deep political science, economic, sociological, historical and anthropological explorations of institutional designs in a variety of constructs, such as governments, interest groups and social movements, media, and religion, among others. By their senior year, students will be able to speak authoritatively on the comparative theory of institutions, the history of institutional and policy development, the drivers of institutional change, and distributional effects of institutional choices. Particular attention will be paid to the challenges of governance, such as the processes and structures that societies adopt to manage their collective affairs, with an emphasis on the implementation and evaluation of government programs.",169
p0603,Part 10: Majors and Courses,Majors (listed in alphabetical order),"Institutions and Governance with tracks in Economics, Political Science, and Public Policy",,165,text,"The world is more and more interconnected at a variety of levels and students are going to need a better understanding of the institutions that govern this global integration. The more that students can identify, analyze and engage with global institutions and understand their governing processes, the more they will be able to navigate these complexities. This focus in Institutions and Governance will prepare students for a variety of careers requiring expertise in public administration, international development, political risk analysis, multinational investment and work in the nonprofit sector at both the domestic and international levels. Students can choose among three disciplinary tracks: Economics, Political Science, or Public Policy.",108
p0605,Part 10: Majors and Courses,Majors (listed in alphabetical order),"Institutions and Governance with tracks in Economics, Political Science, and Public Policy",Divisional Foundation Courses,166,table,Divisional Foundation Courses: SOSC 101 Foundational Questions in Social Science (4 credits); And choose one from the following two courses; MATH 101 Introductory Calculus (4 credits); MATH 105 Calculus (4 credits),31
p0606,Part 10: Majors and Courses,Majors (listed in alphabetical order),"Institutions and Governance with tracks in Economics, Political Science, and Public Policy",Interdisciplinary Courses,166,table,Interdisciplinary Courses: STATS 101 Introduction to Applied Statistical Methods (4 credits); POLSCI 201 Political Institutions and Processes (4 credits); GCHINA 202 Modern Chinese Politics (4 credits); ETHLDR 203 Conceptions of Democracy and Meritocracy (4 credits); POLSCI 307 Political Economy of Institutions (4 credits); POLSCI 308 Global Governance (4 credits); INSTGOV 490 Senior Seminar: Advanced Topics (4 credits),57
p0609,Part 10: Majors and Courses,Majors (listed in alphabetical order),"Institutions and Governance with tracks in Economics, Political Science, and Public Policy",Electives,167,table,Electives: POLECON 105 China and the Global South (2 credits); PUBPOL 106 Urbanizing China: Spatial and Social Dynamics in Chinese Cities (2 credits); COMPSCI 206 /ECON 206 Computational Microeconomics (4 credits); POLECON 211 Risk Analysis and Forecasting (2 credits); PUBPOL 220 Introduction to Regulatory Governance (4 credits); ECON 211 Intelligent Economics: An Explainable AI approach (4 credits); ECON 301 Health Economics (4 credits); ECON 302/ ENVIR 302 Environmental Economics & Policy (4 credits); ECON 303 Financial Institutions (4 credits); ECON 304 Economic Growth (4 credits); ECON 307 History of Monetary & International Crises (4 credits); ECON 308 Economic History and Modernization of the Islamic Middle East (4 credits),108
p0610,Part 10: Majors and Courses,Majors (listed in alphabetical order),"Institutions and Governance with tracks in Economics, Political Science, and Public Policy",Electives,168,table,"Electives: ECON 309 Behavioral Finance (4 credits); ECON 310 Urban Economics (4 credits); MATH 316 / ECON 316 Discrete Time Finance (4 credits); PUBPOL 318 How to Change the World: The Role of Non-State Actors (4 credits); ECON 333/ SOSC 333 Social and Economic Networks (4 credits); ECON 401 Competitive Strategy & Industrial Organization (4 credits); POLECON401 /GCHINA 401 Political Economy of the Chinese Reform (4 credits); ECON 402 International Finance (4 credits); ECON 404/ ENVIR 404 Environmental Justice: The Economics of Race, Place and Pollution (4 credits)",88
p0613,Part 10: Majors and Courses,Majors (listed in alphabetical order),"Institutions and Governance with tracks in Economics, Political Science, and Public Policy",Disciplinary Courses,169,table,"Disciplinary Courses: POLSCI 101 International Politics (4 credits); ETHLDR 202 Ethics, Markets and Politics (4 credits); PUBPOL 301 Political Analysis for Public Policy (4 credits); POLSCI 301 Program Evaluation (4 credits); POLSCI 302 Public Opinion (4 credits)",37
p0615,Part 10: Majors and Courses,Majors (listed in alphabetical order),"Institutions and Governance with tracks in Economics, Political Science, and Public Policy",Electives,170,table,"Electives: POLSCI 102 Social Choice and Democracy (4 credits); POLSCI 105 Contemporary Political Ideologies (2 credits); POLECON 105 China and the Global South (2 credits); POLSCI 106 Political Rhetoric, Crisis, and Leadership (2 credits); ETHLDR 108 Democracy and Inclusion: Hopes, Prospects, Dilemmas (2 credits); WOC 201 Academic Writing 1: Argumentation Across Disciplines (2 credits); HIST 202 World History and Global Interactions (4 credits); POLECON 202 The Politics of International Economic Relations: America in the World Economy (4 credits); GCHINA 202 Modern Chinese Politics (4 credits); POLSCI 204 The U.S. Constitution and its Critics (4 credits); CULMOVE 206 Ethnic and Religious Diversity in the Middle East (4 credits); POLSCI 208 Political and Social Inequality (4 credits); POLSCI 209 Democratic Erosion (2 credits); POLSCI 210 International Relations in East Asia (4 credits); POLECON 211 Risk Analysis and Forecasting (2 credits); POLSCI 211/LIT 211 Politics and Literature (4 credits); POLSCI 212 Pathologies of Modern Society: Foundational Ideas (4 credits); POLSCI 213 Populism (2 credits); CULANTH 214/ POLSCI 214 Authoritarianism and the Struggle for Democracy in Latin America (4 credits);",176
p0616,Part 10: Majors and Courses,Majors (listed in alphabetical order),"Institutions and Governance with tracks in Economics, Political Science, and Public Policy",Electives,170,table,POLSCI 216 War and Peace: Foundations of the International Political Order (2 credits),13
p0617,Part 10: Majors and Courses,Majors (listed in alphabetical order),"Institutions and Governance with tracks in Economics, Political Science, and Public Policy",Electives,171,table,"Electives: POLSCI 219/ PUBPOL 219 The U.S. Legal System: Lawyers, Judges, Lawmakers, & Bureaucrats (4 credits); PUBPOL 220 Introduction to Regulatory Governance (4 credits); POLSCI 303 International Politics of East Asia (4 credits); POLSCI 311/ SOCIOL 311 /PHIL 311 The Political and Social Thought of Hannah Arendt (4 credits); POLSCI 312 Islamic Political Thought (4 credits); POLSCI 313 /PSYCH 313 Political Psychology (4 credits); CULANTH 314 /POLSCI 314 Refugees and the Biopolitics of Citizenship (4 credits); POLSCI 315 American Politics in Comparative Perspective (4 credits); PUBPOL 316/ HIST 316 The Modern Regulatory State (4 credits); PUBPOL 317 Plastic Planet: Pollution and Solutions (4 credits); PUBPOL 318 How to Change the World: The Role of Non-State Actors (4 credits); SOSC 320 Data in the World: Applied Social Statistics (4 credits); ECON 333/ SOSC 333 Social and Economic Networks (4 credits); POLECON 401 /GCHINA 401 Political Economy of the Chinese Reform (4 credits)",151
p0620,Part 10: Majors and Courses,Majors (listed in alphabetical order),"Institutions and Governance with tracks in Economics, Political Science, and Public Policy",Disciplinary Courses,172,table,Disciplinary Courses: PUBPOL 101 Introduction to Policy Analysis (4 credits); PUBPOL 301 Political Analysis for Public Policy (4 credits); PUBPOL 303 Policy Choice as Value Conflict (4 credits); PUBPOL 315/ECON 315 Economics of the Public Sector (4 credits); Choose one course from the following two courses; ECON 201 Intermediate Microeconomics I (4 credits); PUBPOL 304 Microeconomic Policy Tools (4 credits),60
p0622,Part 10: Majors and Courses,Majors (listed in alphabetical order),"Institutions and Governance with tracks in Economics, Political Science, and Public Policy",Electives,173,table,"Electives: POLECON 105 China and the Global South (2 credits); PUBPOL 106 Urbanizing China: Spatial and Social Dynamics in Chinese Cities (2 credits); POLSCI 107 Political Psychology (2 credits); ETHLDR 108 Democracy and Inclusion: Hopes, Prospects, Dilemmas (2 credits); POLSCI 204 The U.S. Constitution and its Critics (4 credits); CULMOVE 206 Ethnic and Religious Diversity in the Middle East (4 credits); POLECON 211 Risk Analysis and Forecasting (2 credits); PUBPOL 213 Authoritarian Regimes (4 credits); POLSCI 213 Populism (2 credits); CULANTH 214/ POLSCI 214 Authoritarianism and the Struggle for Democracy in Latin America (4 credits); POLSCI 219/ PUBPOL 219 The U.S. Legal System: Lawyers, Judges, Lawmakers, & Bureaucrats (4 credits); PUBPOL 220 Introduction to Regulatory Governance (4 credits); PUBPOL 308 Managing the Oceans to Solve Global Problems (4 credits); PUBPOL 309 War and Public Health in Africa (4 credits); PUBPOL 311 Economic and Political History of the European Union (4 credits); CULANTH 314 /POLSCI 314 Refugees and the Biopolitics of Citizenship (4 credits); POLSCI 315 American Politics in Comparative Perspective (4 credits);",172
p0623,Part 10: Majors and Courses,Majors (listed in alphabetical order),"Institutions and Governance with tracks in Economics, Political Science, and Public Policy",Electives,173,table,PUBPOL 316/HIST 316 The Modern Regulatory State (4 credits); PUBPOL 317 Plastic Planet: Pollution and Solutions (4 credits); PUBPOL 318 How to Change the World: The Role of Non-State Actors (4 credits),32
p0624,Part 10: Majors and Courses,Majors (listed in alphabetical order),"Institutions and Governance with tracks in Economics, Political Science, and Public Policy",Electives,174,table,Electives: SOSC 320 Data in the World: Applied Social Statistics (4 credits); ECON 333/ SOSC 333 Social and Economic Networks (4 credits); POLECON 401 /GCHINA 401 Political Economy of the Chinese Reform (4 credits); PUBPOL 410 Counterterrorism Law and Policy (4 credits),42
p0625,Part 10: Majors and Courses,Majors (listed in alphabetical order),Materials Science with tracks in Chemistry and Physics,,175,text,"Many of tomorrow’s innovations in fields such as fast computing, renewable energy generation, batteries, plastics, textiles, and transportation will rely on the unique and novel properties of materials. The development of such materials requires integrated knowledge in physics, chemistry, and biology, along with advanced mathematics and computation. The Materials Science major introduces students to the interdisciplinary study in materials science, which includes atomic and molecular structure, mechanical and thermodynamic properties, electric and magnetic properties, and fabrication methods and applications, together with disciplinary training in either physics or chemistry.",88
p0626,Part 10: Majors and Courses,Majors (listed in alphabetical order),Materials Science with tracks in Chemistry and Physics,,175,text,"This major can prepare students for advanced studies in various departments in graduate school such as physics, chemistry, materials science and mechanical engineering, chemical engineering, electrical engineering, etc. Within the requirements of this major, student have the flexibility to design a curriculum that emphasizes more on one particular field of study, for example, physics, chemistry or materials science. Students with more interests in industrial positions can also customize their backgrounds for domestic and international manufacturers or companies specializeing in automobiles, aircrafts, batteries, cosmetics, pharmaceuticals, electronics, etc.",86
p0629,Part 10: Majors and Courses,Majors (listed in alphabetical order),Materials Science with tracks in Chemistry and Physics,Interdisciplinary Courses,176,table,"Interdisciplinary Courses: MATSCI 201 Fundamentals of Materials Science (4 credits); MATSCI 301 Materials Synthesis and Characterization (Lab) (4 credits); MATSCI 302 Electronic, Optical and Magnetic Properties of Materials (4 credits); MATSCI 401 Mechanical Properties of Materials (4 credits)",38
p0632,Part 10: Majors and Courses,Majors (listed in alphabetical order),Materials Science with tracks in Chemistry and Physics,Electives,177,table,Electives: CHEM 130 Science of Cooking (4 credits); MATSCI 303 Phase Transformations (4 credits); ENVIR 304 Environmental Chemistry and Toxicology (4 credits); PHYS 310 Physics of Particulate Materials (4 credits); CHEM 315/ ENVIR 315 Aqueous Geochemistry (4 credits); ENVIR 402 Chemical Transformation of Environmental Contaminants (4 credits); MATSCI 402 Introduction to Nanoscale Functional Materials (4 credits); PHYS 402 Solid State and Soft Matter Physics (4 credits); CHEM 403 Advanced Topics in Physical Chemistry (4 credits); MATSCI 403 Quantum Physics for Materials Science (4 credits); MATSCI 404 Polymers and Biomaterials (4 credits); CHEM 410 Introduction to Materials Chemistry (4 credits),99
p0635,Part 10: Majors and Courses,Majors (listed in alphabetical order),Materials Science with tracks in Chemistry and Physics,Disciplinary Courses,179,table,Disciplinary Courses: PHYS 122 General Physics II (4 credits); MATH 201 Multivariable Calculus (4 credits); PHYS 201 Optics and Modern Physics (4 credits); MATH 202 Linear Algebra (4 credits); PHYS 302 Thermal and Statistical Physics (4 credits); PHYS 405 Advanced Physics Laboratory and Seminar (4 credits); And choose two from the following courses; PHYS 301 Classical Mechanics (4 credits); PHYS 304 Electricity and Magnetism (4 credits); PHYS 401 Quantum Mechanics (4 credits),72
p0637,Part 10: Majors and Courses,Majors (listed in alphabetical order),Materials Science with tracks in Chemistry and Physics,Electives,179,table,Electives: PHYS 101 Frontiers of 21st Century Physics (4 credits); PHYS 105 The Science of Asian Sound (4 credits); PHYS 134 Introductory Astronomy (4 credits); COMPSCI 201 Introduction to Programming and Data Structures (4 credits); MATSCI 202 Mathematical Methods for Materials Science (4 credits); MATH 205 Probability and Statistics (4 credits); MATH 303 ODE and Dynamical Systems (4 credits); MATSCI 303 Phase Transformations (4 credits); PHYS 310 Physics of Particulate Materials (4 credits),73
p0638,Part 10: Majors and Courses,Majors (listed in alphabetical order),Materials Science with tracks in Chemistry and Physics,Electives,180,table,Electives: MATSCI 402 Introduction to Nanoscale Functional Materials (4 credits); PHYS 402 Solid State and Soft Matter Physics (4 credits); MATSCI 403 Quantum Physics for Materials Science (4 credits); MATSCI 404 Polymers and Biomaterials (4 credits); PHYS 403 Introduction to Nuclear and Particle Physics (4 credits); PHYS 404 Nonlinear Dynamics (4 credits),52
p0639,Part 10: Majors and Courses,Majors (listed in alphabetical order),Media and Arts with tracks in Art History and Creative Practice,,181,text,"The Media and Arts major captures the breadth of both media as a communications process and art as creative and documentary expressions. By exploring the history of media and arts as well as emerging technologies and cultures, students in this major will gain a depth of understanding that is broadly applicable to future life choices. Media studies might include communications studies, journalism, science, technology and society at the local, as well as national and global levels. Arts studies might address visual art in film, photography, and sound; music; theater; and literature. The intersection of media and arts will provide both a well-rounded foundation as well as the opportunity to immerse oneself in a particular field of study or practice.",119
p0640,Part 10: Majors and Courses,Majors (listed in alphabetical order),Media and Arts with tracks in Art History and Creative Practice,,181,text,"Understanding of media and the arts is foundational to the concept of interdisciplinarity that is the basis for a liberal arts education at Duke Kunshan University. On the one hand, exposure to the arts provides for the complete student: a well-rounded individual who is able to see the world in both its breadth and depth, thus creatively seeking, discovering and implementing solutions to global problems. In particular, the documentary arts intersect history with creativity; the understanding of cultural tradition with the artistic imagination. On the other hand, media literacy is not a luxury. In this interconnected world, it is a necessity. Students in this major will gain a more complete understanding of the evolution of media, broadly defined, and how the media and media systems of today interact with the institutions, individuals and ideas in society.",136
p0641,Part 10: Majors and Courses,Majors (listed in alphabetical order),Media and Arts with tracks in Art History and Creative Practice,,181,text,"The Media and Arts major has two tracks: 1) Art History and 2) Creative Practice. The Art History track provides a mixture of humanities and social science approaches to understanding media and arts, creating a foundation for work in the field or further graduate-level study. The Creative Practice track will focus on providing opportunities for students to create the media and arts that interest them, with a strong academic foundation.",70
p0644,Part 10: Majors and Courses,Majors (listed in alphabetical order),Media and Arts with tracks in Art History and Creative Practice,Interdisciplinary Courses,182,table,"Interdisciplinary Courses: MEDIART 101 Introduction to Media Studies and the Arts (4 credits); MEDIART 210 Media and Arts Practicum (4 credits); MEDIART 211 Media, Arts and Critical Theory (4 credits); MEDIART 390 Junior Seminar: Advanced Topics (4 credits); MEDIART 490 Senior Seminar: Advanced Topics; And choose one from the following three History courses; HIST 207 History of Media Art (4 credits); HIST 210 Global Art History (4 credits); HIST 220 Global Media History (4 credits); And choose one from the following four Creative Practice courses; MEDIART 103 Introduction to Moving Image Practice (4 credits); MEDIART 104 Introduction to Photography (4 credits); MEDIART 110 Audio Documentary & Storytelling (4 credits); MEDIART 111 Archive (4 credits)",114
p0645,Part 10: Majors and Courses,Majors (listed in alphabetical order),Media and Arts with tracks in Art History and Creative Practice,Disciplinary Courses,183,table,"Disciplinary Courses: HIST 201 History Methods and Research (4 credits); HIST 106 Art History 1 (4 credits); CULANTH 201 New Media and Society (4 credits); And one 4-credit course (200-400 level) among the electives recommended for this major (4 credits); And one 4-credit non-Art History course (100-400 level) (i.e., any history course not listed among the electives recommended for this major) (4 credits)",63
p0647,Part 10: Majors and Courses,Majors (listed in alphabetical order),Media and Arts with tracks in Art History and Creative Practice,Electives,183,table,"Electives: MEDIART 106 The Visual Culture of News, Past and Present (4 credits); MEDIART 109 Introduction to Visual Culture (4 credits); MEDIART 112 Race on Film (2 credits); MEDIART 114 Film Musicals and Musical Films (2 credits); GCULS 201 Culture and Industry (4 credits); GCHINA 203 Visual China (4 credits); HIST 207 History of Media Art (4 credits); MEDIART 208 Comparative Media Systems and Chinese Mass Media (4 credits); LIT 208 From Cool Japan to the Korean Wave: Popular Culture from East Asia (4 credits); HIST 210 Global Art History (4 credits); MEDIART 215 Documenting City Life (2 credits); MEDIART 216 Performance, Embodiment and Cultural Memory (4 credits); HIST 217 /MEDIART 217 Ancient and Imperial Chinese Art (4 credits)",119
p0648,Part 10: Majors and Courses,Majors (listed in alphabetical order),Media and Arts with tracks in Art History and Creative Practice,Electives,184,table,Electives: HIST 220 Global Media History (4 credits); POLSCI 302 Public Opinion (4 credits); GCULS 305 Translation for Stage and Screen (4 credits); MEDIART 307 International Communication (4 credits); MEDIART 405/ GCULS 405 The Curatorial: Theory and Practice (4 credits),40
p0651,Part 10: Majors and Courses,Majors (listed in alphabetical order),Media and Arts with tracks in Art History and Creative Practice,Disciplinary Courses,186,table,"Disciplinary Courses: MEDIART 109 Introduction to Visual Culture (4 credits); MEDIART 202 Ideas, Imagination, and Creativity (4 credits); Practicum course I: Choose one 4-credit course from the list of 200 level creative practice courses in the electives (4 credits); Practicum course II: Choose one 4-credit course from the list of 300 level creative practice courses in the electives (4 credits); Practicum III: Choose one 4-credit course from any other 200 level or above creative practice elective course (4 credits)",79
p0653,Part 10: Majors and Courses,Majors (listed in alphabetical order),Media and Arts with tracks in Art History and Creative Practice,Electives,186,table,Electives: INFOSCI 104 Digital Design (4 credits); MEDIART 105 Introduction to Film Studies (4 credits); MEDIART 108 / LIT 108 Love and Dreams on the Chinese Stage (2 credits); LIT 109 Writing Stories for Children (2 credits); MEDIART 112 Race on Film (2 credits); MEDIART 113 Exploring Music (2 credits); MEDIART 114 Film Musicals & Musical Films (2 credits); INFOSCI 201 Interaction & Physical Computing (4 credits); MEDIART 203 Audio Documentary (4 credits); MEDIART 204 The Photographic Essay (4 credits); MEDIART 205 Digital Imaging (4 credits); MEDIART 206 Computer Graphics (4 credits); MEDIART 207 Creative Writing and Elements of Story (4 credits),102
p0654,Part 10: Majors and Courses,Majors (listed in alphabetical order),Media and Arts with tracks in Art History and Creative Practice,Electives,187,table,Electives: MEDIART 212 Editing for Film and Video (4 credits); MEDIART 215 Documenting City Life (2 credits); MEDIART 218 Music and Cinema (4 credits); MEDIART 301 Experimental Filmmaking (4 credits); MEDIART 302 Contemporary Documentary Film (4 credits); MEDIART 303 Documentary Photography and the Cultural Landscape (4 credits); MEDIART 304 The On-Going Moment: Presentations of Time in Still and Moving Images (4 credits); MEDIART 305 Producing Docu-Fiction (4 credits); MEDIART 306 Foundations of Interactive Game Design (4 credits); MEDIART 310 Screenwriting (4 credits); MEDIART 311 Cinematography (4 credits); MEDIART 312 Graphic Design in Motion (4 credits); MEDIART 313 Sports Documentary (4 credits); MEDIART 405/ GCULS 405 The Curatorial: Theory and Practice (4 credits),112
p0655,Part 10: Majors and Courses,Majors (listed in alphabetical order),"Molecular Bioscience with Tracks in Biogeochemistry, Biophysics, Cell and Molecular Biology, Genetics and Genomics",,188,text,"All biological sciences rest on two central principles – all organisms and their characteristics are the product of evolution, and all life processes have a physical and chemical basis. Simply put, at the most fundamental level, there is a shared molecular basis of life. Despite the astonishing diversity of living organisms, from bacteria living in deep ocean hydrothermal vents to cherry trees flowering in the spring to complex modern humans shaping the world around us, many features of all organisms at the cellular and molecular levels are fundamentally similar because of shared evolutionary history. Discoveries of fundamental molecular mechanisms in one species - a bacteria or fungus or fruit fly, for example - often apply to other distantly related organisms like humans. Solving many of the most perplexing and challenging biological, agricultural, medical, societal, and environmental problems in today’s world requires a broad and deep understanding of the molecular basis of life.",152
p0656,Part 10: Majors and Courses,Majors (listed in alphabetical order),"Molecular Bioscience with Tracks in Biogeochemistry, Biophysics, Cell and Molecular Biology, Genetics and Genomics",,188,text,"The highly interdisciplinary field of molecular bioscience seeks to understand at the level of atoms and molecules how living things acquire energy and chemical nutrients from their environment, how they use that energy to fuel the basic biochemical reactions and cellular functions required for life, how they use molecular information encoded in their DNA to grow, survive, and reproduce, and how their metabolic and biochemical processes transform the environment in which we all live.",74
p0657,Part 10: Majors and Courses,Majors (listed in alphabetical order),"Molecular Bioscience with Tracks in Biogeochemistry, Biophysics, Cell and Molecular Biology, Genetics and Genomics",,188,text,"The broad goal of molecular bioscience, to understand the mechanisms of life processes at the physical, chemical, and cellular levels, requires students to integrate knowledge from several disciplines that traditionally are treated as separate realms of knowledge. Molecular bioscience is at the intersection of biology, chemistry, and physics, but most undergraduate programs require that students focus on one discipline at the exclusion of the other two. In contrast, the Molecular Bioscience major at DKU is designed to integrate fully the fields of biology, chemistry, and physics throughout the major’s course of study, so DKU students trained in molecular bioscience will be better prepared to understand and make fundamental advances on the tremendous challenges facing our current and future generations in human health, agriculture, biotechnology, and global environmental change.",128
p0658,Part 10: Majors and Courses,Majors (listed in alphabetical order),"Molecular Bioscience with Tracks in Biogeochemistry, Biophysics, Cell and Molecular Biology, Genetics and Genomics",,188,text,"Through the required interdisciplinary introductory courses including Biochemistry, Biophysics, Genetics and Evolution, and Biomedical Ethics, all molecular bioscience students will gain core foundational knowledge and skills that uniquely will enable them to pursue one of four more specialized tracks of courses that focus some of the most exciting fields of science today.",52
p0659,Part 10: Majors and Courses,Majors (listed in alphabetical order),"Molecular Bioscience with Tracks in Biogeochemistry, Biophysics, Cell and Molecular Biology, Genetics and Genomics",,188,text,"Students who choose the Cell and Molecular Biology track, for example, will learn of stunning new discoveries of how cells work at the molecular level, and how that knowledge is critical for advances in cancer biology and medicine, pharmacology, biochemistry, virology, immunology, developmental biology, and the Biotech industries.",48
p0660,Part 10: Majors and Courses,Majors (listed in alphabetical order),"Molecular Bioscience with Tracks in Biogeochemistry, Biophysics, Cell and Molecular Biology, Genetics and Genomics",,188,text,"The Genetics and Genomics track will provide students with deep insight into how the explosive fields of functional genomics, bioinformatics, and computational biology are revolutionizing our understanding of life. Students will learn how genomics is revealing the complex and highly orchestrated mechanisms that organisms use to regulate genes and genomes, how genomes evolve via population genomic processes, and how new methods like DNA editing promise to transform medicine, agriculture, and our understanding of basic biological processes.",76
p0661,Part 10: Majors and Courses,Majors (listed in alphabetical order),"Molecular Bioscience with Tracks in Biogeochemistry, Biophysics, Cell and Molecular Biology, Genetics and Genomics",,189,text,"The Biophysics track will allow students to apply principles of physics to biological systems at molecular, organismal, and ecological levels. These students will learn how such integrated applications of these principles are leading to the incredible breadth of advances biophysicists are making in bioelectronics, quantum biology, nanotechnology, structural biology, biomechanics, biochemistry, and cell and molecular biology.",56
p0662,Part 10: Majors and Courses,Majors (listed in alphabetical order),"Molecular Bioscience with Tracks in Biogeochemistry, Biophysics, Cell and Molecular Biology, Genetics and Genomics",,189,text,"Finally, students who choose the Biogeochemistry track will discover how the activities of biological systems and other chemical, physical, and geological processes drive the global or local cycles of chemicals like carbon and nitrogen, and ultimately lead to global environmental change. These students, with their interdisciplinary training in molecular bioscience with a focus on ecosystem science, will be uniquely prepared to solve existential challenges like human-mediated global climate change and environmental degradation.",72
p0665,Part 10: Majors and Courses,Majors (listed in alphabetical order),"Molecular Bioscience with Tracks in Biogeochemistry, Biophysics, Cell and Molecular Biology, Genetics and Genomics",Interdisciplinary Courses,190,table,Interdisciplinary Courses: CHEM 201 Organic Chemistry I (4 credits); BIOL 202 Genetics and Evolution (4 credits); PHYS 303 Introduction to Biophysics (4 credits); BIOL 305 Introduction to Biochemistry (4 credits); BIOL 320 Bioethics (4 credits),35
p0666,Part 10: Majors and Courses,Majors (listed in alphabetical order),"Molecular Bioscience with Tracks in Biogeochemistry, Biophysics, Cell and Molecular Biology, Genetics and Genomics",Disciplinary Courses,190,table,Disciplinary Courses: ENVIR 102 Dynamic Earth and Oceans: Physical and Biological Sciences for the Environment (4 credits); BIOL 208 General Ecology (4 credits); BIOL 311/ ENVIR 311 Biogeochemistry (4 credits); And choose one course from the following two courses; STATS 101 Introduction to Applied Statistical Methods (4 credits); MATH 205 Probability and Statistics (4 credits); And choose one course from the following two courses; BIOL 313/ ENVIR 313 Ecosystem Service (4 credits); BIOL 319 Global Change Biology (4 credits); And choose one course from the following two courses; BIOL 312 Ecophysiology (4 credits); ENVIR 315/ CHEM 315 Aqueous Geochemistry (4 credits),101
p0668,Part 10: Majors and Courses,Majors (listed in alphabetical order),"Molecular Bioscience with Tracks in Biogeochemistry, Biophysics, Cell and Molecular Biology, Genetics and Genomics",Electives,191,table,Electives: BIOL 201 Cell and Molecular Biology (4 credits); ENVIR 202 Biodiversity and Conservation (4 credits); ENVIR 304 Environmental Chemistry and Toxicology (4 credits); BIOL 318 Food Web Ecology (4 credits); BIOL 405 Microbial Ecology (4 credits),37
p0671,Part 10: Majors and Courses,Majors (listed in alphabetical order),"Molecular Bioscience with Tracks in Biogeochemistry, Biophysics, Cell and Molecular Biology, Genetics and Genomics",Disciplinary Courses,192,table,Disciplinary Courses: PHYS 122 General Physics II (4 credits); MATH 201 Multivariable Calculus (4 credits); PHYS 201 Optics and Modern Physics (4 credits); MATH 202 Linear Algebra (4 credits); PHYS 302 Thermal and Statistical Physics (4 credits),37
p0672,Part 10: Majors and Courses,Majors (listed in alphabetical order),"Molecular Bioscience with Tracks in Biogeochemistry, Biophysics, Cell and Molecular Biology, Genetics and Genomics",Disciplinary Courses,193,table,Disciplinary Courses: PHYS 406 Biophysics (4 credits); And choose two courses from the following four courses; PHYS 301 Classical Mechanics (4 credits); PHYS 304 Electricity and Magnetism (4 credits); PHYS 401 Quantum Mechanics (4 credits); PHYS 404 Nonlinear Dynamics (4 credits),41
p0674,Part 10: Majors and Courses,Majors (listed in alphabetical order),"Molecular Bioscience with Tracks in Biogeochemistry, Biophysics, Cell and Molecular Biology, Genetics and Genomics",Electives,193,table,Electives: BIOL 201 Cell and Molecular Biology (4 credits); MATH 303 ODE and Dynamical Systems (4 credits); PHYS 310 Physics of Particulate Materials (4 credits); BIOL 316 Quantitative Physiology (4 credits); MATH 403 Partial Differential Equations (4 credits); CHEM 404 Physical Biochemistry (4 credits); MATH 410 Modeling Biological Systems (4 credits),51
p0677,Part 10: Majors and Courses,Majors (listed in alphabetical order),"Molecular Bioscience with Tracks in Biogeochemistry, Biophysics, Cell and Molecular Biology, Genetics and Genomics",Disciplinary Courses,195,table,Disciplinary Courses: BIOL 201 Cell and Molecular Biology (4 credits); BIOL 212 Microbiology (4 credits); BIOL 304 Molecular Genetic Analysis (4 credits); BIOL 306 Cell Signaling and Diseases (4 credits); BIOL 315 Experimental Molecular Biology (4 credits); And choose one from the following courses; STATS 101 Introduction to Applied Statistical Methods (4 credits); MATH 205 Probability and Statistics (4 credits),60
p0679,Part 10: Majors and Courses,Majors (listed in alphabetical order),"Molecular Bioscience with Tracks in Biogeochemistry, Biophysics, Cell and Molecular Biology, Genetics and Genomics",Electives,195,table,"Electives: BIOL 203 Molecular, Behavioral and Social Evolution: Evolution of Genomes, Traits, Behaviors and Societies (4 credits); BIOL 401 Advanced Biochemistry: Cell Metabolism (4 credits); BIOL 310 Developmental Biology (4 credits); BIOL 314 Computational Biology and Bioinformatics (4 credits); CHEM 404 Physical Biochemistry (4 credits); BIOL 307 Cancer Genetics (4 credits)",51
p0682,Part 10: Majors and Courses,Majors (listed in alphabetical order),"Molecular Bioscience with Tracks in Biogeochemistry, Biophysics, Cell and Molecular Biology, Genetics and Genomics",Disciplinary Courses,196,table,Disciplinary Courses: BIOL 201 Cell and Molecular Biology (4 credits); BIOL 304 Molecular Genetic Analysis (4 credits); BIOL 314 Computational Biology and Bioinformatics (4 credits); BIOL 403 Experimental Methods in Functional Genomics (4 credits),34
p0683,Part 10: Majors and Courses,Majors (listed in alphabetical order),"Molecular Bioscience with Tracks in Biogeochemistry, Biophysics, Cell and Molecular Biology, Genetics and Genomics",Disciplinary Courses,197,table,Disciplinary Courses: BIOL 407 Population Genomics and Molecular Evolution (4 credits); And choose one from the following courses; STATS 101 Introduction to Applied Statistical Methods (4 credits); MATH 205 Probability and Statistics (4 credits),34
p0685,Part 10: Majors and Courses,Majors (listed in alphabetical order),"Molecular Bioscience with Tracks in Biogeochemistry, Biophysics, Cell and Molecular Biology, Genetics and Genomics",Electives,197,table,"Electives: ENVIR 202 Biodiversity and Conservation (4 credits); BIOL 203 Molecular, Behavioral and Social Evolution: Evolution of Genomes, Traits, Behaviors and Societies (4 credits); BIOL 212 Microbiology (4 credits); BIOL 310 Developmental Biology: Development, Stem Cells, and Regeneration (4 credits); BIOL 317 Systems Biology (4 credits); BIOL 404 Genomics of Adaptation (4 credits)",53
p0686,Part 10: Majors and Courses,Majors (listed in alphabetical order),"Political Economy with tracks in Economics, Political Science, and Public Policy",,198,text,"Within the field of international relations in general, and international political economy in particular, interested Duke Kunshan University students will have a chance to explore--both broadly and deeply, a large array of the world's most pressing issues--issues that will determine the balance between peace and conflict over the coming decades. Given the growing impact of globalization and the rather profound structural changes occurring in international affairs, it is imperative that we train a new generation of international relations theorists and practitioners who can appreciate, manage and lead in the increasingly complex world that we face on a daily basis.",99
p0687,Part 10: Majors and Courses,Majors (listed in alphabetical order),"Political Economy with tracks in Economics, Political Science, and Public Policy",,198,text,"The field of international political economy utilizes an interdisciplinary approach to examine the reciprocal relationships between politics and markets, both within and among countries, employing a variety of analytical and research tools, including those of economics. Its concerns include interactions among economic and political development; cooperation and conflict among nations, groups, and individuals; the distribution of material resources and political/economic power; the effects of political actors and institutions on economic outcomes and vice versa; the causes and consequences of technological change, growth, and globalization; and regulation and global governance. The curriculum will provide students an overview of the changing face of international relations as well as impart to them the critical tools and techniques that inform the study of international political economy. Students will have an opportunity to examine and assess a broad range of global issues using the lens and conceptual frameworks of political economy. Students can choose among the three disciplinary tracks: Economics, Political Science, or Public Policy.",160
p0690,Part 10: Majors and Courses,Majors (listed in alphabetical order),"Political Economy with tracks in Economics, Political Science, and Public Policy",Interdisciplinary Courses,199,table,"Interdisciplinary Courses: STATS 101 Introduction to Applied Statistical Methods (4 credits); ECON 101 Economics Principles (4 credits); POLECON 201 International Political Economy (4 credits); ETHLDR 202 Ethics, Markets, Politics (4 credits); POLECON 301 Development (4 credits); POLECON 302 / GCHINA 301 China’s Economic Transition (4 credits); POLECON 490 Senior Seminar: Advanced Topics (4 credits)",54
p0693,Part 10: Majors and Courses,Majors (listed in alphabetical order),"Political Economy with tracks in Economics, Political Science, and Public Policy",Electives,199,table,Electives: POLECON 105 China and the Global South (2 credits); MATH 201 Multivariable Calculus (4 credits); COMPSCI 206 /ECON 206 Computational Microeconomics (4 credits); ECON 211 Intelligent Economics: An Explainable AI approach (4 credits),34
p0694,Part 10: Majors and Courses,Majors (listed in alphabetical order),"Political Economy with tracks in Economics, Political Science, and Public Policy",Electives,200,table,"Electives: POLECON 211 Risk Analysis and Forecasting (2 credits); PUBPOL 220 Introduction to Regulatory Governance (4 credits); ECON 301 Health Economics (4 credits); ECON 302/ ENVIR 302 Environmental Economics & Policy (4 credits); ECON 303 Financial Institutions (4 credits); ECON 304 Economic Growth (4 credits); SOCIOL 306 Contemporary Population Problems (4 credits); ECON 307 History of Monetary & International Crises (4 credits); POLSCI 307 Political Economy of Institutions (4 credits); ECON 308 Economic History and Modernization of the Islamic Middle East (4 credits); ECON 309 Behavioral Finance (4 credits); ECON 310 Urban Economics (4 credits); MATH 316/ ECON 316 Discrete Time Finance (4 credits); PUBPOL 318 How to Change the World: The Role of Non-State Actors (4 credits); ECON 333/ SOSC 333 Social and Economic Networks (4 credits); ECON 401 Competitive Strategy & Industrial Organization (4 credits); POLECON 401 /GCHINA 401 Political Economy of the Chinese Reform (4 credits); ECON 402 International Finance (4 credits); ECON 404/ ENVIR 404 Environmental Justice: The Economics of Race, Place and Pollution (4 credits)",170
p0697,Part 10: Majors and Courses,Majors (listed in alphabetical order),"Political Economy with tracks in Economics, Political Science, and Public Policy",Disciplinary Courses,201,table,Disciplinary Courses: POLSCI 101 International Politics (4 credits); POLSCI 201 Political Institutions and Processes (4 credits); ETHLDR 203 Conceptions of Democracy and Meritocracy (4 credits); POLSCI 301 Program Evaluation (4 credits); POLSCI 302 Public Opinion (4 credits),37
p0700,Part 10: Majors and Courses,Majors (listed in alphabetical order),"Political Economy with tracks in Economics, Political Science, and Public Policy",Electives,202,table,CULANTH 214/ POLSCI 214 Authoritarianism and the Struggle for Democracy in Latin America (4 credits); POLSCI 216 War and Peace: Foundations of the International Political Order (2 credits),28
p0706,Part 10: Majors and Courses,Majors (listed in alphabetical order),"Political Economy with tracks in Economics, Political Science, and Public Policy",Electives,205,table,"Electives: POLECON 105 China and the Global South (2 credits); PUBPOL 106 Urbanizing China: Spatial and Social Dynamics in Chinese Cities (2 credits); POLSCI 107 Political Psychology (2 credits); ETHLDR 108 Democracy and Inclusion: Hopes, Prospects, Dilemmas (2 credits); PUBPOL 120 Globalization and Corporate Citizenship (4 credits); WOC 201 Academic Writing 1: Argumentation Across Disciplines (2 credits); POLSCI 204 The U.S. Constitution and its Critics (4 credits); CULMOVE 206 Ethnic and Religious Diversity in the Middle East (4 credits); PUBPOL 210 Development and Africa (4 credits); POLECON 211 Risk Analysis and Forecasting (2 credits); PUBPOL 211 Globalization and Public Policy (4 credits); PUBPOL 214 Globalization and History (4 credits); POLSCI 214/ CULANTH 214 Authoritarianism and the struggle for democracy in Latin America (4 credits); CULANTH 214/ POLSCI 214 Authoritarianism and the Struggle for Democracy in Latin America (4 credits); POLSCI 219/ PUBPOL 219 The U.S. Legal System: Lawyers, Judges, Lawmakers, & Bureaucrats (4 credits); PUBPOL 220 Introduction to Regulatory Governance (4 credits); SOCIOL 306 Contemporary Population Problems (4 credits); PUBPOL 307 Market Power and Public Policy (4 credits);",178
p0707,Part 10: Majors and Courses,Majors (listed in alphabetical order),"Political Economy with tracks in Economics, Political Science, and Public Policy",Electives,205,table,POLSCI 307 Political Economy of Institutions (4 credits); CULANTH 314/ POLSCI 314 Refugees and the Biopolitics of Citizenship (4 credits); POLSCI 315 American Politics in Comparative Perspective (4 credits),29
p0708,Part 10: Majors and Courses,Majors (listed in alphabetical order),"Political Economy with tracks in Economics, Political Science, and Public Policy",Electives,206,table,Electives: PUBPOL 316/ HIST 316 The Modern Regulatory State (4 credits); PUBPOL 317 Plastic Planet: Pollution and Solutions (4 credits); PUBPOL 318 How to Change the World: The Role of Non-State Actors (4 credits); SOSC 320 Data in the World: Applied Social Statistics (4 credits); ECON 333/ SOSC 333 Social and Economic Networks (4 credits); POLECON401 /GCHINA 401 Political Economy of the Chinese Reform (4 credits),66
p0709,Part 10: Majors and Courses,Majors (listed in alphabetical order),"US Studies with tracks in American History, American Literature, Political Science, and Public Policy",,207,text,"America is a unique experiment in self-governance, economic formation, and cultural production. It is rooted in Puritan settlement and the American Revolution and has been reshaped from the beginning by racial, religious, regional, linguistic, and sexual minorities upwardly mobile and onthe-make. U.S. nationality therefore includes both patriotic nationalism and pointed dissent. There is also a long history to U.S. connections with Asia and of Asian—especially Chinese—impact on the United States, which is now taking on ever greater force as China and the United States engage on the global stage.",89
p0710,Part 10: Majors and Courses,Majors (listed in alphabetical order),"US Studies with tracks in American History, American Literature, Political Science, and Public Policy",,207,text,"US Studies fosters understanding of the ideas, cultures, art, institutions, aspirations, and realities that have played an important role in the development of American society and public life. Particular attention is paid to core ideas of American citizenship and to the ways in which institutions have facilitated and constrained efforts by marginalized groups to achieve full citizenship. U.S. Studies is therefore both an appreciation and a critique. It captures the utopian impulse in the American narrative, its far-reaching and inspiring vision, and its many successes including the achievement of a revelatory ironic and self-critical literature. It also examines ideas of nationhood that transcend national boundaries and forms of nationalist ideology that have produced anti-nationalist dissent. The courses offered in the program examine the formation of historical, philosophical, religious, social, artistic and political traditions that shape American political thought, institutions, culture and literature. Students can choose among four disciplinary tracks with the overall US Studies major: American History, American Literature, Political Science, and Public Policy.",164
p0713,Part 10: Majors and Courses,Majors (listed in alphabetical order),"US Studies with tracks in American History, American Literature, Political Science, and Public Policy",Interdisciplinary Courses,208,table,Interdisciplinary Courses: POLSCI 103 American Ideas and the Idea of America (4 credits); LIT 106 American Otherness and Otherness in America (4 credits); POLSCI 207 Democratic Institutions in America (4 credits); LIT 215 Self-Making in the American Imagination (4 credits); POLSCI 310 America in the World (4 credits); USTUD 390 Junior Seminar: Advanced Topics (4 credits); USTUD 490 Senior Seminar: Advanced Topics (4 credits),64
p0714,Part 10: Majors and Courses,Majors (listed in alphabetical order),"US Studies with tracks in American History, American Literature, Political Science, and Public Policy",Disciplinary Courses,208,table,"Disciplinary Courses: HIST 104 American History to 1876 (4 credits); HIST 105 American History from Reconstruction to the Present (4 credits); HIST 201 History Methods and Research (4 credits); And an additional 4-credit American History course (200-400 level) (i.e., history courses among the electives recommended for this major) (4 credits); And one 4-credit non-American History course (100-400 level) (i.e., any history course not listed among the electives recommended for this major) (4 credits)",73
p0716,Part 10: Majors and Courses,Majors (listed in alphabetical order),"US Studies with tracks in American History, American Literature, Political Science, and Public Policy",Electives,209,table,"Electives: POLSCI 106 Political Rhetoric, Crisis, and Leadership (2 credits); HIST 118 The American Empire (2 credits); HIST 120 Writing Historical Fiction (4 credits); HIST 121 Pan-Africanism: Global Story of an American Idea (2 credits); POLSCI 202 U.S. Citizenship: History, Meaning and Conflict (4 credits); HIST 203 America in Asia, Asians in America (4 credits); POLSCI 203 Civil Rights and Civil Liberties (4 credits); POLSCI 204 The U.S. Constitution and its Critics (4 credits); HIST 208 America Fractured (4 credits); POLSCI 219/ PUBPOL 219 The U.S. Legal System: Lawyers, Judges, Lawmakers, & Bureaucrats (4 credits); POLSCI 221 US/China Relations (4 credits); SOSC 301 Religion and Community in America (4 credits); SOCIOL 301 Race, Ethnicity, and Citizenship (4 credits); POLSCI 304 Revolutions and Foundings: A Comparative Perspective (4 credits); POLSCI 305 American Capitalism in the World (4 credits); HIST 306 The United States and China in War and Revolution (4 credits); HIST 307 Cold War America (4 credits); HIST 308 Immigration and the American Experience (4 credits); HIST 311 Documenting Durham and the New South (4 credits);",176
p0717,Part 10: Majors and Courses,Majors (listed in alphabetical order),"US Studies with tracks in American History, American Literature, Political Science, and Public Policy",Electives,209,table,PUBPOL 316/ HIST 316 The Modern Regulatory State (4 credits),10
p0720,Part 10: Majors and Courses,Majors (listed in alphabetical order),"US Studies with tracks in American History, American Literature, Political Science, and Public Policy",Disciplinary Courses,210,table,Disciplinary Courses: LIT 105 The Epic of America (the Novel) (4 credits); LIT 205 American Lyric Across Borders (Poetry) (4 credits); LIT 308 American Icons (4 credits); And two 4-credit courses (200 level or above) from the American Literature Electives (8 credits),42
p0722,Part 10: Majors and Courses,Majors (listed in alphabetical order),"US Studies with tracks in American History, American Literature, Political Science, and Public Policy",Electives,211,table,Electives: LIT 109 Writing Stories for Children (2 credits); LIT 110 The Art of the Interview (4 credits); LIT 201 Asian-American Arts and Letters (4 credits); LIT 202 African American Literature and Culture (4 credits); POLSCI 204 The U.S. Constitution and its Critics (4 credits); LIT 206 Early Literatures from Colonization to Revolution (4 credits); LIT 207 The American Renaissance and Its Rivals (4 credits); HIST 208 America Fractured (4 credits); USTUD 210 American Musicals (4 credits); LIT 301 The Realist Moment (4 credits); USTUD 301 The Western Across Boundaries (4 credits); LIT 302 America’s Novel Modernity (4 credits); LIT 303 The Literary Arts of the Cold War (4 credits); LIT 304 The Center Stage of Ethnic and Women’s Writing (4 credits); LIT 305 The U.S. and the Contemporary Global Imagination (4 credits),133
p0725,Part 10: Majors and Courses,Majors (listed in alphabetical order),"US Studies with tracks in American History, American Literature, Political Science, and Public Policy",Disciplinary Courses,212,table,Disciplinary Courses: POLSCI 101 International Politics (4 credits); POLSCI 201 Political Institutions and Processes (4 credits); ETHLDR 203 Conceptions of Democracy and Meritocracy (4 credits); POLSCI 221 US/China Relations (4 credits); POLSCI 302 Public Opinion (4 credits),37
p0727,Part 10: Majors and Courses,Majors (listed in alphabetical order),"US Studies with tracks in American History, American Literature, Political Science, and Public Policy",Electives,213,table,"Electives: POLSCI 102 Social Choice and Democracy (4 credits); POLSCI 105 Contemporary Political Ideologies (2 credits); POLSCI 106 Political Rhetoric, Crisis, and Leadership (2 credits); ETHLDR 108 Democracy and Inclusion: Hopes, Prospects, Dilemmas (2 credits); WOC 201 Academic Writing 1: Argumentation Across Disciplines (2 credits); HIST 202 World History and Global Interactions (4 credits); POLECON 202 The Politics of International Economic Relations: America in the World Economy (4 credits); POLSCI 204 The U.S. Constitution and its Critics (4 credits); CULMOVE 206 Ethnic and Religious Diversity in the Middle East (4 credits); HIST 208 America Fractured (4 credits); POLSCI 208 Political and Social Inequality (4 credits); POLSCI 209 Democratic Erosion (2 credits); POLSCI 210 International Relations in East Asia (4 credits); POLSCI 211/LIT 211 Politics and Literature (4 credits); POLSCI 212 Pathologies of Modern Society: Foundational Ideas (4 credits); POLSCI 213 Populism (2 credits); POLSCI 216 War and Peace: Foundations of the International Political Order (2 credits); POLSCI 219/ PUBPOL 219 The U.S. Legal System: Lawyers, Judges, Lawmakers, & Bureaucrats (4 credits); POLSCI 303 International Politics of East Asia (4 credits)",180
p0728,Part 10: Majors and Courses,Majors (listed in alphabetical order),"US Studies with tracks in American History, American Literature, Political Science, and Public Policy",Electives,214,table,Electives: POLSCI 311/ SOCIOL 311/ PHIL 311 The Political and Social Thought of Hannah Arendt (4 credits); POLSCI 313/ PSYCH 313 Political Psychology (4 credits); POLSCI 315 American Politics in Comparative Perspective (4 credits); PUBPOL 316/ HIST 316 The Modern Regulatory State (4 credits); SOSC 320 Data in the World: Applied Social Statistics (4 credits),55
p0733,Part 10: Majors and Courses,Majors (listed in alphabetical order),"US Studies with tracks in American History, American Literature, Political Science, and Public Policy",Electives,216,table,"Electives: PUBPOL 102 Introduction to the United States Health Care System (4 credits); ETHLDR 108 Democracy and Inclusion: Hopes, Prospects, Dilemmas (2 credits); WOC 201 Academic Writing 1: Argumentation Across Disciplines (2 credits); POLSCI 204 The U.S. Constitution and its Critics (4 credits); PUBPOL 212 Immigrant Dreams, U.S. Realities: Immigration Policy History (4 credits); PUBPOL 216 Civic Participation and Public Policy (4 credits); POLSCI 219/ PUBPOL 219 The U.S. Legal System: Lawyers, Judges, Lawmakers, & Bureaucrats (4 credits); PUBPOL 220 Introduction to Regulatory Governance (4 credits); POLSCI 315 American Politics in Comparative Perspective (4 credits); PUBPOL 316/ HIST 316 The Modern Regulatory State (4 credits); SOSC 320 Data in the World: Applied Social Statistics (4 credits)",116
